group,path,bytes,reading_record
(root),.editorconfig,322,Inventory only; full/partial reading is recorded in the four audit reports
.github,.github/dependabot.yml,1186,Inventory only; full/partial reading is recorded in the four audit reports
.github,.github/workflows/audit.yml,896,Inventory only; full/partial reading is recorded in the four audit reports
.github,.github/workflows/codeql.yml,825,Inventory only; full/partial reading is recorded in the four audit reports
.github,.github/workflows/release.yml,7351,Inventory only; full/partial reading is recorded in the four audit reports
.github,.github/workflows/sbom.yml,1199,Inventory only; full/partial reading is recorded in the four audit reports
(root),.gitignore,1344,Inventory only; full/partial reading is recorded in the four audit reports
(root),.nvmrc,3,Inventory only; full/partial reading is recorded in the four audit reports
(root),.pre-commit-config.yaml,941,Inventory only; full/partial reading is recorded in the four audit reports
(root),.prettierignore,175,Inventory only; full/partial reading is recorded in the four audit reports
(root),.prettierrc.json,270,Inventory only; full/partial reading is recorded in the four audit reports
(root),.python-version,5,Inventory only; full/partial reading is recorded in the four audit reports
(root),AGENT.md,18567,Inventory only; full/partial reading is recorded in the four audit reports
(root),AGENTS.md,8208,Inventory only; full/partial reading is recorded in the four audit reports
(root),CHANGELOG.md,38981,Inventory only; full/partial reading is recorded in the four audit reports
(root),CLICKY.md,18637,Inventory only; full/partial reading is recorded in the four audit reports
(root),CODE_OF_CONDUCT.md,1638,Inventory only; full/partial reading is recorded in the four audit reports
(root),CONTRIBUTING.md,2084,Inventory only; full/partial reading is recorded in the four audit reports
(root),LICENSE,1091,Inventory only; full/partial reading is recorded in the four audit reports
(root),PRD.md,98851,Inventory only; full/partial reading is recorded in the four audit reports
(root),README.en.md,279,Inventory only; full/partial reading is recorded in the four audit reports
(root),README.md,8198,Inventory only; full/partial reading is recorded in the four audit reports
(root),SECURITY.md,1941,Inventory only; full/partial reading is recorded in the four audit reports
(root),THIRD_PARTY_NOTICES.md,6618,Inventory only; full/partial reading is recorded in the four audit reports
(root),Vida.md,31838,Inventory only; full/partial reading is recorded in the four audit reports
app,app/__init__.py,39,Inventory only; full/partial reading is recorded in the four audit reports
app,app/action_guard/__init__.py,971,Inventory only; full/partial reading is recorded in the four audit reports
app,app/action_guard/action_broker.py,5948,Inventory only; full/partial reading is recorded in the four audit reports
app,app/action_guard/approval.py,11679,Inventory only; full/partial reading is recorded in the four audit reports
app,app/action_guard/egress_gate.py,7922,Inventory only; full/partial reading is recorded in the four audit reports
app,app/action_guard/guard_factory.py,2757,Inventory only; full/partial reading is recorded in the four audit reports
app,app/action_guard/preconditions.py,5291,Inventory only; full/partial reading is recorded in the four audit reports
app,app/action_guard/undo_log.py,4788,Inventory only; full/partial reading is recorded in the four audit reports
app,app/actions/__init__.py,1621,Inventory only; full/partial reading is recorded in the four audit reports
app,app/actions/calendar.py,2393,Inventory only; full/partial reading is recorded in the four audit reports
app,app/actions/calendar_draft.py,6202,Inventory only; full/partial reading is recorded in the four audit reports
app,app/actions/capsule_delivery.py,8144,Inventory only; full/partial reading is recorded in the four audit reports
app,app/actions/clipboard_history.py,6199,Inventory only; full/partial reading is recorded in the four audit reports
app,app/actions/document_backend.py,6512,Inventory only; full/partial reading is recorded in the four audit reports
app,app/actions/document_output.py,14430,Inventory only; full/partial reading is recorded in the four audit reports
app,app/actions/draft_delivery.py,7496,Inventory only; full/partial reading is recorded in the four audit reports
app,app/actions/draft_writer.py,3562,Inventory only; full/partial reading is recorded in the four audit reports
app,app/actions/executor.py,55896,Inventory only; full/partial reading is recorded in the four audit reports
app,app/actions/figma.py,7698,Inventory only; full/partial reading is recorded in the four audit reports
app,app/actions/file_organizer.py,7156,Inventory only; full/partial reading is recorded in the four audit reports
app,app/actions/history.py,10289,Inventory only; full/partial reading is recorded in the four audit reports
app,app/actions/office.py,8363,Inventory only; full/partial reading is recorded in the four audit reports
app,app/actions/office_document.py,21789,Inventory only; full/partial reading is recorded in the four audit reports
app,app/actions/pdf.py,8804,Inventory only; full/partial reading is recorded in the four audit reports
app,app/actions/policy.py,5362,Inventory only; full/partial reading is recorded in the four audit reports
app,app/actions/powerpoint.py,18624,Inventory only; full/partial reading is recorded in the four audit reports
app,app/actions/route_draft.py,2167,Inventory only; full/partial reading is recorded in the four audit reports
app,app/actions/schema.py,7615,Inventory only; full/partial reading is recorded in the four audit reports
app,app/actions/shopping_list.py,7495,Inventory only; full/partial reading is recorded in the four audit reports
app,app/adapters/__init__.py,720,Inventory only; full/partial reading is recorded in the four audit reports
app,app/adapters/base.py,5420,Inventory only; full/partial reading is recorded in the four audit reports
app,app/adapters/browser_devtools_adapter.py,67478,Inventory only; full/partial reading is recorded in the four audit reports
app,app/adapters/figma_client.py,6831,Inventory only; full/partial reading is recorded in the four audit reports
app,app/adapters/office_adapter.py,27756,Inventory only; full/partial reading is recorded in the four audit reports
app,app/adapters/pdf_selection_recovery.py,20997,Inventory only; full/partial reading is recorded in the four audit reports
app,app/adapters/powerpoint_native.py,1672,Inventory only; full/partial reading is recorded in the four audit reports
app,app/adapters/registry.py,1930,Inventory only; full/partial reading is recorded in the four audit reports
app,app/adapters/uia_text_adapter.py,39175,Inventory only; full/partial reading is recorded in the four audit reports
app,app/agent_runtime/__init__.py,735,Inventory only; full/partial reading is recorded in the four audit reports
app,app/agent_runtime/activity_projection.py,16073,Inventory only; full/partial reading is recorded in the four audit reports
app,app/agent_runtime/apply_patch.py,17801,Inventory only; full/partial reading is recorded in the four audit reports
app,app/agent_runtime/ask_todo_tools.py,6632,Inventory only; full/partial reading is recorded in the four audit reports
app,app/agent_runtime/coding_tools.py,74004,Inventory only; full/partial reading is recorded in the four audit reports
app,app/agent_runtime/compaction_prompt.py,5076,Inventory only; full/partial reading is recorded in the four audit reports
app,app/agent_runtime/context_projection.py,3680,Inventory only; full/partial reading is recorded in the four audit reports
app,app/agent_runtime/effort.py,2212,Inventory only; full/partial reading is recorded in the four audit reports
app,app/agent_runtime/errors.py,4646,Inventory only; full/partial reading is recorded in the four audit reports
app,app/agent_runtime/hooks.py,7687,Inventory only; full/partial reading is recorded in the four audit reports
app,app/agent_runtime/inbox.py,3789,Inventory only; full/partial reading is recorded in the four audit reports
app,app/agent_runtime/live_observer.py,6377,Inventory only; full/partial reading is recorded in the four audit reports
app,app/agent_runtime/look_tool.py,13144,Inventory only; full/partial reading is recorded in the four audit reports
app,app/agent_runtime/loop.py,139481,Inventory only; full/partial reading is recorded in the four audit reports
app,app/agent_runtime/mcp_provider.py,10558,Inventory only; full/partial reading is recorded in the four audit reports
app,app/agent_runtime/memory.py,16398,Inventory only; full/partial reading is recorded in the four audit reports
app,app/agent_runtime/memory_tools.py,4681,Inventory only; full/partial reading is recorded in the four audit reports
app,app/agent_runtime/model_client.py,75918,Inventory only; full/partial reading is recorded in the four audit reports
app,app/agent_runtime/model_profiles.py,3903,Inventory only; full/partial reading is recorded in the four audit reports
app,app/agent_runtime/next_prompt.py,4139,Inventory only; full/partial reading is recorded in the four audit reports
app,app/agent_runtime/perception_tools.py,20297,Inventory only; full/partial reading is recorded in the four audit reports
app,app/agent_runtime/permission_decisions.py,3600,Inventory only; full/partial reading is recorded in the four audit reports
app,app/agent_runtime/permission_modes.py,6581,Inventory only; full/partial reading is recorded in the four audit reports
app,app/agent_runtime/permission_presets.py,5183,Inventory only; full/partial reading is recorded in the four audit reports
app,app/agent_runtime/replay_cleanup.py,7084,Inventory only; full/partial reading is recorded in the four audit reports
app,app/agent_runtime/resume_context.py,11364,Inventory only; full/partial reading is recorded in the four audit reports
app,app/agent_runtime/session.py,87403,Inventory only; full/partial reading is recorded in the four audit reports
app,app/agent_runtime/session_id.py,737,Inventory only; full/partial reading is recorded in the four audit reports
app,app/agent_runtime/skill_catalog.py,7035,Inventory only; full/partial reading is recorded in the four audit reports
app,app/agent_runtime/skill_usage.py,2801,Inventory only; full/partial reading is recorded in the four audit reports
app,app/agent_runtime/skill_writer.py,3925,Inventory only; full/partial reading is recorded in the four audit reports
app,app/agent_runtime/slash_directory.py,1793,Inventory only; full/partial reading is recorded in the four audit reports
app,app/agent_runtime/subagent.py,10925,Inventory only; full/partial reading is recorded in the four audit reports
app,app/agent_runtime/system_prompt.py,16887,Inventory only; full/partial reading is recorded in the four audit reports
app,app/agent_runtime/todo_store.py,4506,Inventory only; full/partial reading is recorded in the four audit reports
app,app/agent_runtime/token_estimate.py,8178,Inventory only; full/partial reading is recorded in the four audit reports
app,app/agent_runtime/tool_discovery.py,2818,Inventory only; full/partial reading is recorded in the four audit reports
app,app/agent_runtime/tool_guardrails.py,14991,Inventory only; full/partial reading is recorded in the four audit reports
app,app/agent_runtime/tool_registry.py,34670,Inventory only; full/partial reading is recorded in the four audit reports
app,app/agent_runtime/tool_scheduler.py,12072,Inventory only; full/partial reading is recorded in the four audit reports
app,app/agent_runtime/turn_verification.py,2614,Inventory only; full/partial reading is recorded in the four audit reports
app,app/agent_runtime/types.py,11580,Inventory only; full/partial reading is recorded in the four audit reports
app,app/agent_runtime/usage_cost.py,1387,Inventory only; full/partial reading is recorded in the four audit reports
app,app/agent_runtime/vision_backend.py,5750,Inventory only; full/partial reading is recorded in the four audit reports
app,app/agent_runtime/wait_tool.py,8153,Inventory only; full/partial reading is recorded in the four audit reports
app,app/agent_runtime/web_tools.py,8238,Inventory only; full/partial reading is recorded in the four audit reports
app,app/agent_runtime/workspace_state.py,1495,Inventory only; full/partial reading is recorded in the four audit reports
app,app/ai_client.py,46937,Inventory only; full/partial reading is recorded in the four audit reports
app,app/anchor/__init__.py,704,Inventory only; full/partial reading is recorded in the four audit reports
app,app/anchor/anchor.py,8258,Inventory only; full/partial reading is recorded in the four audit reports
app,app/anchor/resolver.py,7675,Inventory only; full/partial reading is recorded in the four audit reports
app,app/artifacts/__init__.py,1026,Inventory only; full/partial reading is recorded in the four audit reports
app,app/artifacts/document_patch.py,22004,Inventory only; full/partial reading is recorded in the four audit reports
app,app/artifacts/projection.py,5176,Inventory only; full/partial reading is recorded in the four audit reports
app,app/artifacts/schema.py,1206,Inventory only; full/partial reading is recorded in the four audit reports
app,app/capture/__init__.py,6537,Inventory only; full/partial reading is recorded in the four audit reports
app,app/computer_operator/__init__.py,1467,Inventory only; full/partial reading is recorded in the four audit reports
app,app/computer_operator/agent.py,11933,Inventory only; full/partial reading is recorded in the four audit reports
app,app/computer_operator/agent_cursor_channel.py,6757,Inventory only; full/partial reading is recorded in the four audit reports
app,app/computer_operator/configured_model.py,5134,Inventory only; full/partial reading is recorded in the four audit reports
app,app/computer_operator/cursors.py,30546,Inventory only; full/partial reading is recorded in the four audit reports
app,app/computer_operator/displays.py,8813,Inventory only; full/partial reading is recorded in the four audit reports
app,app/computer_operator/motion.py,7942,Inventory only; full/partial reading is recorded in the four audit reports
app,app/computer_operator/protocol.py,12370,Inventory only; full/partial reading is recorded in the four audit reports
app,app/computer_operator/registry.py,3482,Inventory only; full/partial reading is recorded in the four audit reports
app,app/computer_operator/schema.py,12339,Inventory only; full/partial reading is recorded in the four audit reports
app,app/computer_operator/service.py,3529,Inventory only; full/partial reading is recorded in the four audit reports
app,app/computer_operator/ui_tars.py,10773,Inventory only; full/partial reading is recorded in the four audit reports
app,app/computer_operator/windows.py,26543,Inventory only; full/partial reading is recorded in the four audit reports
app,app/context_pack/__init__.py,2176,Inventory only; full/partial reading is recorded in the four audit reports
app,app/context_pack/browser_reader.py,8512,Inventory only; full/partial reading is recorded in the four audit reports
app,app/context_pack/capture_policy.py,3623,Inventory only; full/partial reading is recorded in the four audit reports
app,app/context_pack/chat_local_files.py,13195,Inventory only; full/partial reading is recorded in the four audit reports
app,app/context_pack/chat_reader.py,36300,Inventory only; full/partial reading is recorded in the four audit reports
app,app/context_pack/compiler.py,17777,Inventory only; full/partial reading is recorded in the four audit reports
app,app/context_pack/daily_wrap.py,7835,Inventory only; full/partial reading is recorded in the four audit reports
app,app/context_pack/document_reader.py,51960,Inventory only; full/partial reading is recorded in the four audit reports
app,app/context_pack/initial_evidence.py,1226,Inventory only; full/partial reading is recorded in the four audit reports
app,app/context_pack/intent.py,1565,Inventory only; full/partial reading is recorded in the four audit reports
app,app/context_pack/knowledge.py,10088,Inventory only; full/partial reading is recorded in the four audit reports
app,app/context_pack/runtime_document_smoke.py,2896,Inventory only; full/partial reading is recorded in the four audit reports
app,app/context_pack/screen_memory.py,9227,Inventory only; full/partial reading is recorded in the four audit reports
app,app/context_pack/selection_reader.py,6495,Inventory only; full/partial reading is recorded in the four audit reports
app,app/context_pack/session.py,23971,Inventory only; full/partial reading is recorded in the four audit reports
app,app/context_pack/source_scope.py,10942,Inventory only; full/partial reading is recorded in the four audit reports
app,app/context_pack/source_store.py,8430,Inventory only; full/partial reading is recorded in the four audit reports
app,app/context_pack/sources.py,22655,Inventory only; full/partial reading is recorded in the four audit reports
app,app/context_pack/tools.py,21306,Inventory only; full/partial reading is recorded in the four audit reports
app,app/dashboard/__init__.py,272,Inventory only; full/partial reading is recorded in the four audit reports
app,app/dashboard/calendar.py,13540,Inventory only; full/partial reading is recorded in the four audit reports
app,app/dashboard/shopping_list.py,12146,Inventory only; full/partial reading is recorded in the four audit reports
app,app/desktop_actions/__init__.py,447,Inventory only; full/partial reading is recorded in the four audit reports
app,app/desktop_actions/session.py,65972,Inventory only; full/partial reading is recorded in the four audit reports
app,app/desktop_actions/uia.py,21180,Inventory only; full/partial reading is recorded in the four audit reports
app,app/evidence/__init__.py,676,Inventory only; full/partial reading is recorded in the four audit reports
app,app/evidence/contract.py,10259,Inventory only; full/partial reading is recorded in the four audit reports
app,app/fabric/__init__.py,267,Inventory only; full/partial reading is recorded in the four audit reports
app,app/fabric/action.py,1905,Inventory only; full/partial reading is recorded in the four audit reports
app,app/fabric/agent_context_handoff.py,14385,Inventory only; full/partial reading is recorded in the four audit reports
app,app/fabric/agent_gateway.py,11681,Inventory only; full/partial reading is recorded in the four audit reports
app,app/fabric/agent_prompt_dispatch.py,3465,Inventory only; full/partial reading is recorded in the four audit reports
app,app/fabric/agent_sessions.py,23327,Inventory only; full/partial reading is recorded in the four audit reports
app,app/fabric/agents.py,8050,Inventory only; full/partial reading is recorded in the four audit reports
app,app/fabric/artifacts.py,15055,Inventory only; full/partial reading is recorded in the four audit reports
app,app/fabric/audit.py,2352,Inventory only; full/partial reading is recorded in the four audit reports
app,app/fabric/capabilities.py,4871,Inventory only; full/partial reading is recorded in the four audit reports
app,app/fabric/capability_snapshot.py,13263,Inventory only; full/partial reading is recorded in the four audit reports
app,app/fabric/capture_policy.py,8456,Inventory only; full/partial reading is recorded in the four audit reports
app,app/fabric/catalog.py,2554,Inventory only; full/partial reading is recorded in the four audit reports
app,app/fabric/context_packet.py,31775,Inventory only; full/partial reading is recorded in the four audit reports
app,app/fabric/engine.py,54528,Inventory only; full/partial reading is recorded in the four audit reports
app,app/fabric/executors.py,70140,Inventory only; full/partial reading is recorded in the four audit reports
app,app/fabric/hooks.py,7494,Inventory only; full/partial reading is recorded in the four audit reports
app,app/fabric/loop_answer.py,9164,Inventory only; full/partial reading is recorded in the four audit reports
app,app/fabric/mcp.py,17233,Inventory only; full/partial reading is recorded in the four audit reports
app,app/fabric/mcp_client.py,13811,Inventory only; full/partial reading is recorded in the four audit reports
app,app/fabric/model_plan.py,12392,Inventory only; full/partial reading is recorded in the four audit reports
app,app/fabric/provenance.py,9252,Inventory only; full/partial reading is recorded in the four audit reports
app,app/fabric/providers.py,6256,Inventory only; full/partial reading is recorded in the four audit reports
app,app/fabric/receipt_verification.py,1566,Inventory only; full/partial reading is recorded in the four audit reports
app,app/fabric/recipe_manifest.py,5894,Inventory only; full/partial reading is recorded in the four audit reports
app,app/fabric/router.py,4717,Inventory only; full/partial reading is recorded in the four audit reports
app,app/fabric/runtime_snapshot.py,4451,Inventory only; full/partial reading is recorded in the four audit reports
app,app/fabric/runtime_workspace.py,15645,Inventory only; full/partial reading is recorded in the four audit reports
app,app/fabric/schema.py,5166,Inventory only; full/partial reading is recorded in the four audit reports
app,app/fabric/settings.py,35109,Inventory only; full/partial reading is recorded in the four audit reports
app,app/fabric/skill_candidates.py,24703,Inventory only; full/partial reading is recorded in the four audit reports
app,app/fabric/target_lease.py,15891,Inventory only; full/partial reading is recorded in the four audit reports
app,app/fabric/task_store.py,34384,Inventory only; full/partial reading is recorded in the four audit reports
app,app/fabric/workflow.py,1815,Inventory only; full/partial reading is recorded in the four audit reports
app,app/fabric/workflow_task_store.py,14174,Inventory only; full/partial reading is recorded in the four audit reports
app,app/failure_flow/__init__.py,463,Inventory only; full/partial reading is recorded in the four audit reports
app,app/failure_flow/repair_prompt.py,6210,Inventory only; full/partial reading is recorded in the four audit reports
app,app/file_context.py,7767,Inventory only; full/partial reading is recorded in the four audit reports
app,app/governance/__init__.py,777,Inventory only; full/partial reading is recorded in the four audit reports
app,app/governance/cancellation.py,4945,Inventory only; full/partial reading is recorded in the four audit reports
app,app/governance/latency_budget.py,3766,Inventory only; full/partial reading is recorded in the four audit reports
app,app/grounding/__init__.py,689,Inventory only; full/partial reading is recorded in the four audit reports
app,app/grounding/base.py,1897,Inventory only; full/partial reading is recorded in the four audit reports
app,app/grounding/component_source.py,12528,Inventory only; full/partial reading is recorded in the four audit reports
app,app/grounding/evidence_binding.py,6305,Inventory only; full/partial reading is recorded in the four audit reports
app,app/grounding/explorer_adapter.py,26989,Inventory only; full/partial reading is recorded in the four audit reports
app,app/grounding/explorer_context.py,4517,Inventory only; full/partial reading is recorded in the four audit reports
app,app/grounding/marked_read.py,6858,Inventory only; full/partial reading is recorded in the four audit reports
app,app/grounding/ocr_mark_selection.py,4648,Inventory only; full/partial reading is recorded in the four audit reports
app,app/grounding/perception_cascade.py,4255,Inventory only; full/partial reading is recorded in the four audit reports
app,app/grounding/schema.py,5629,Inventory only; full/partial reading is recorded in the four audit reports
app,app/grounding/terminal_evidence.py,12160,Inventory only; full/partial reading is recorded in the four audit reports
app,app/harness/__init__.py,969,Inventory only; full/partial reading is recorded in the four audit reports
app,app/harness/builtin_bundle.py,52035,Inventory only; full/partial reading is recorded in the four audit reports
app,app/harness/composition.py,12365,Inventory only; full/partial reading is recorded in the four audit reports
app,app/harness/context.py,25301,Inventory only; full/partial reading is recorded in the four audit reports
app,app/harness/extension_paths.py,694,Inventory only; full/partial reading is recorded in the four audit reports
app,app/harness/extensions_inventory.py,4369,Inventory only; full/partial reading is recorded in the four audit reports
app,app/harness/plugin.py,16893,Inventory only; full/partial reading is recorded in the four audit reports
app,app/harness/runtime_host.py,5978,Inventory only; full/partial reading is recorded in the four audit reports
app,app/harness/services.py,1017,Inventory only; full/partial reading is recorded in the four audit reports
app,app/input_artifact/__init__.py,385,Inventory only; full/partial reading is recorded in the four audit reports
app,app/input_artifact/schema.py,27629,Inventory only; full/partial reading is recorded in the four audit reports
app,app/model_health.py,17801,Inventory only; full/partial reading is recorded in the four audit reports
app,app/models/__init__.py,226,Inventory only; full/partial reading is recorded in the four audit reports
app,app/models/capability_resolver.py,3422,Inventory only; full/partial reading is recorded in the four audit reports
app,app/models/catalog.py,2726,Inventory only; full/partial reading is recorded in the four audit reports
app,app/models/profiles.py,9586,Inventory only; full/partial reading is recorded in the four audit reports
app,app/models/runtime_client.py,5783,Inventory only; full/partial reading is recorded in the four audit reports
app,app/models/visual_relay.py,8091,Inventory only; full/partial reading is recorded in the four audit reports
app,app/models_catalog.py,6326,Inventory only; full/partial reading is recorded in the four audit reports
app,app/object_store.py,3647,Inventory only; full/partial reading is recorded in the four audit reports
app,app/perception/__init__.py,1211,Inventory only; full/partial reading is recorded in the four audit reports
app,app/perception/broker.py,11786,Inventory only; full/partial reading is recorded in the four audit reports
app,app/perception/element_handles.py,3707,Inventory only; full/partial reading is recorded in the four audit reports
app,app/perception/fusion.py,12813,Inventory only; full/partial reading is recorded in the four audit reports
app,app/perception/pixel_ocr.py,30130,Inventory only; full/partial reading is recorded in the four audit reports
app,app/perception/providers.py,28591,Inventory only; full/partial reading is recorded in the four audit reports
app,app/perception/visual_once.py,6997,Inventory only; full/partial reading is recorded in the four audit reports
app,app/permissions/__init__.py,1186,Inventory only; full/partial reading is recorded in the four audit reports
app,app/permissions/app_blacklist.py,5399,Inventory only; full/partial reading is recorded in the four audit reports
app,app/permissions/capability_matrix.py,5367,Inventory only; full/partial reading is recorded in the four audit reports
app,app/permissions/offline_mode.py,2491,Inventory only; full/partial reading is recorded in the four audit reports
app,app/permissions/sensitive_detect.py,4439,Inventory only; full/partial reading is recorded in the four audit reports
app,app/pointer_operator.py,4959,Inventory only; full/partial reading is recorded in the four audit reports
app,app/process/__init__.py,188,Inventory only; full/partial reading is recorded in the four audit reports
app,app/process/job_object.py,5227,Inventory only; full/partial reading is recorded in the four audit reports
app,app/receipts/__init__.py,334,Inventory only; full/partial reading is recorded in the four audit reports
app,app/receipts/projection.py,3894,Inventory only; full/partial reading is recorded in the four audit reports
app,app/receipts/schema.py,917,Inventory only; full/partial reading is recorded in the four audit reports
app,app/replay/__init__.py,547,Inventory only; full/partial reading is recorded in the four audit reports
app,app/replay/perception_replay.py,5461,Inventory only; full/partial reading is recorded in the four audit reports
app,app/replay/recorder.py,6298,Inventory only; full/partial reading is recorded in the four audit reports
app,app/replay/replayer.py,3559,Inventory only; full/partial reading is recorded in the four audit reports
app,app/replay/trace_schema.py,12082,Inventory only; full/partial reading is recorded in the four audit reports
app,app/review/__init__.py,328,Inventory only; full/partial reading is recorded in the four audit reports
app,app/review/compiler.py,6806,Inventory only; full/partial reading is recorded in the four audit reports
app,app/review/session.py,11792,Inventory only; full/partial reading is recorded in the four audit reports
app,app/run_kernel/__init__.py,509,Inventory only; full/partial reading is recorded in the four audit reports
app,app/run_kernel/projection.py,6300,Inventory only; full/partial reading is recorded in the four audit reports
app,app/run_kernel/schema.py,1615,Inventory only; full/partial reading is recorded in the four audit reports
app,app/screen_context.py,7147,Inventory only; full/partial reading is recorded in the four audit reports
app,app/self_evolution/__init__.py,442,Inventory only; full/partial reading is recorded in the four audit reports
app,app/self_evolution/background.py,3790,Inventory only; full/partial reading is recorded in the four audit reports
app,app/self_evolution/candidates.py,16763,Inventory only; full/partial reading is recorded in the four audit reports
app,app/self_evolution/review.py,3540,Inventory only; full/partial reading is recorded in the four audit reports
app,app/self_evolution/worker.py,6984,Inventory only; full/partial reading is recorded in the four audit reports
app,app/surface_adapter/__init__.py,981,Inventory only; full/partial reading is recorded in the four audit reports
app,app/surface_adapter/adapters/__init__.py,46,Inventory only; full/partial reading is recorded in the four audit reports
app,app/surface_adapter/adapters/dingtalk_adapter.py,1001,Inventory only; full/partial reading is recorded in the four audit reports
app,app/surface_adapter/adapters/figma_adapter.py,11553,Inventory only; full/partial reading is recorded in the four audit reports
app,app/surface_adapter/adapters/wechat_adapter.py,10338,Inventory only; full/partial reading is recorded in the four audit reports
app,app/surface_adapter/manifest.py,5544,Inventory only; full/partial reading is recorded in the four audit reports
app,app/surface_adapter/protocol.py,2376,Inventory only; full/partial reading is recorded in the four audit reports
app,app/surface_adapter/registry.py,4461,Inventory only; full/partial reading is recorded in the four audit reports
app,app/system_context.py,6512,Inventory only; full/partial reading is recorded in the four audit reports
app,app/task_context.py,13533,Inventory only; full/partial reading is recorded in the four audit reports
app,app/telemetry/__init__.py,207,Inventory only; full/partial reading is recorded in the four audit reports
app,app/telemetry/interaction_ledger.py,20675,Inventory only; full/partial reading is recorded in the four audit reports
app,app/telemetry/pointerbench.py,10304,Inventory only; full/partial reading is recorded in the four audit reports
app,app/text_actions/length_target.py,11097,Inventory only; full/partial reading is recorded in the four audit reports
app,app/text_actions/point_markers.py,4604,Inventory only; full/partial reading is recorded in the four audit reports
app,app/uia_host_client.py,8895,Inventory only; full/partial reading is recorded in the four audit reports
app,app/vision/__init__.py,61,Inventory only; full/partial reading is recorded in the four audit reports
app,app/vision/image_prompt.py,6229,Inventory only; full/partial reading is recorded in the four audit reports
app,app/vision/overlay_translation.py,6888,Inventory only; full/partial reading is recorded in the four audit reports
app,app/vision/visual_element_cache.py,3593,Inventory only; full/partial reading is recorded in the four audit reports
app,app/vision/visual_elements.py,7770,Inventory only; full/partial reading is recorded in the four audit reports
app,app/visual_annotation.py,5540,Inventory only; full/partial reading is recorded in the four audit reports
app,app/voice/__init__.py,188,Inventory only; full/partial reading is recorded in the four audit reports
app,app/voice/text_normalization.py,5786,Inventory only; full/partial reading is recorded in the four audit reports
assets,assets/app/ICON_PLACEHOLDER.md,480,Inventory only; full/partial reading is recorded in the four audit reports
assets,assets/app/generate_icon.py,3410,Inventory only; full/partial reading is recorded in the four audit reports
assets,assets/app/icon.ico,361102,Inventory only; full/partial reading is recorded in the four audit reports
assets,assets/app/magic-pointer-icon.svg,1276,Inventory only; full/partial reading is recorded in the four audit reports
(root),conftest.py,3325,Inventory only; full/partial reading is recorded in the four audit reports
demo,demo/runtime_issue_demo.html,7652,Inventory only; full/partial reading is recorded in the four audit reports
(root),design.md,6840,Inventory only; full/partial reading is recorded in the four audit reports
docs,docs/2026-08-13-ARCHITECTURE_HANDOFF.md,31194,Inventory only; full/partial reading is recorded in the four audit reports
docs,docs/2026-08-13-STRONGEST_MODEL_REVIEW_RESPONSE.md,16200,Inventory only; full/partial reading is recorded in the four audit reports
docs,docs/2026-08-14-HARNESS_RECONSTRUCTION_PROGRESS.md,36027,Inventory only; full/partial reading is recorded in the four audit reports
docs,docs/2026-08-14-MASTER_HANDOFF.md,52908,Inventory only; full/partial reading is recorded in the four audit reports
docs,docs/2026-08-14-UI-TARS_CODEX_COMPUTER_USE_COMPARISON.md,26698,Inventory only; full/partial reading is recorded in the four audit reports
docs,docs/2026-08-14-plugin-architecture-review.md,9260,Inventory only; full/partial reading is recorded in the four audit reports
docs,docs/2026-08-15-HARNESS_COGNITIVE_ARCHITECTURE.md,16831,Inventory only; full/partial reading is recorded in the four audit reports
docs,docs/2026-08-15-HCI_SYSTEM_REVIEW.md,34575,Inventory only; full/partial reading is recorded in the four audit reports
docs,docs/2026-08-19-LONG_RUN_CAPABILITY_GAP.md,19246,Inventory only; full/partial reading is recorded in the four audit reports
docs,docs/2026-08-29-MP-FULL-MODULE-MAP.md,34503,Inventory only; full/partial reading is recorded in the four audit reports
docs,docs/2026-08-30-TOOL-BY-TOOL-AUDIT.md,29347,Inventory only; full/partial reading is recorded in the four audit reports
docs,docs/2026-09-02-UFO2-DISSECTION-AND-MP-MAPPING.md,11680,Inventory only; full/partial reading is recorded in the four audit reports
docs,docs/2026-09-19-PERCEPTION_INPUT_SEAM_CODE_MAP.md,164645,Inventory only; full/partial reading is recorded in the four audit reports
docs,docs/9-19问答.md,53104,Inventory only; full/partial reading is recorded in the four audit reports
docs,docs/AGENT_INTEGRATION.md,5736,Inventory only; full/partial reading is recorded in the four audit reports
docs,docs/ARCHITECTURE.md,21010,Inventory only; full/partial reading is recorded in the four audit reports
docs,docs/BUGLEDGER_20260916.md,27121,Inventory only; full/partial reading is recorded in the four audit reports
docs,docs/BUGLEDGER_20260916_ROUND2.md,11815,Inventory only; full/partial reading is recorded in the four audit reports
docs,docs/CATALOGUE_20260916.md,23557,Inventory only; full/partial reading is recorded in the four audit reports
docs,docs/CLICKY.md,14120,Inventory only; full/partial reading is recorded in the four audit reports
docs,docs/CODEBASE_OVERVIEW_20260810.md,29652,Inventory only; full/partial reading is recorded in the four audit reports
docs,docs/COST_20260917.md,16688,Inventory only; full/partial reading is recorded in the four audit reports
docs,docs/DESIGN.md,8610,Inventory only; full/partial reading is recorded in the four audit reports
docs,docs/DESIGN_20260831_SELECTION_REPRESENTATION.md,45199,Inventory only; full/partial reading is recorded in the four audit reports
docs,docs/GOAL_20260916.md,2465,Inventory only; full/partial reading is recorded in the four audit reports
docs,docs/HANDOFF_20260821_CODING_BASE_GAP.md,10257,Inventory only; full/partial reading is recorded in the four audit reports
docs,docs/HANDOFF_20260829_TOOLING_P0_BATCH.md,12664,Inventory only; full/partial reading is recorded in the four audit reports
docs,docs/HANDOFF_20260831_HARNESS_UX_FIX_ORDERS.md,53923,Inventory only; full/partial reading is recorded in the four audit reports
docs,docs/PRODUCT.md,9403,Inventory only; full/partial reading is recorded in the four audit reports
docs,docs/README.md,1619,Inventory only; full/partial reading is recorded in the four audit reports
docs,docs/REFERENCE_PROJECTS_20260810.md,32458,Inventory only; full/partial reading is recorded in the four audit reports
docs,docs/ROADMAP.md,13829,Inventory only; full/partial reading is recorded in the four audit reports
docs,docs/STATUS.md,144569,Inventory only; full/partial reading is recorded in the four audit reports
docs,docs/VERIFICATION_20260916.md,23509,Inventory only; full/partial reading is recorded in the four audit reports
docs,docs/VERIFICATION_20260916_ROUND2.md,39572,Inventory only; full/partial reading is recorded in the four audit reports
docs,docs/VERIFICATION_20260916_ROUND2_CORRECTIONS.md,6703,Inventory only; full/partial reading is recorded in the four audit reports
docs,docs/architecture/magic-pointer-complete-architecture.html,2619092,Inventory only; full/partial reading is recorded in the four audit reports
docs,docs/archive/AI-Pointer-划线技术与设计.md,19229,Inventory only; full/partial reading is recorded in the four audit reports
docs,docs/archive/AI-桌面助手真实场景挖掘.md,25472,Inventory only; full/partial reading is recorded in the four audit reports
docs,docs/archive/FEATURE_INVENTORY_20260730.md,18833,Inventory only; full/partial reading is recorded in the four audit reports
docs,docs/archive/INDEX.md,7596,Inventory only; full/partial reading is recorded in the four audit reports
docs,docs/archive/PRODUCT_BLUEPRINT_20260726.md,20837,Inventory only; full/partial reading is recorded in the four audit reports
docs,docs/archive/USER_WORKFLOWS.md,5531,Inventory only; full/partial reading is recorded in the four audit reports
docs,docs/archive/planning/ACCEPTANCE_FAILURE_REPORT_20260804.md,23799,Inventory only; full/partial reading is recorded in the four audit reports
docs,docs/archive/planning/ACCEPTANCE_REPORT_20260805_CODEX.md,13291,Inventory only; full/partial reading is recorded in the four audit reports
docs,docs/archive/planning/ADJACENT_PROJECTS_SCAN_20260803.md,13415,Inventory only; full/partial reading is recorded in the four audit reports
docs,docs/archive/planning/AGI_DISTANCE.md,11081,Inventory only; full/partial reading is recorded in the four audit reports
docs,docs/archive/planning/BOTTOM_LAYER_DESIGN_20260801.md,16730,Inventory only; full/partial reading is recorded in the four audit reports
docs,docs/archive/planning/CLICKY_ANALYSIS_20260731.md,7115,Inventory only; full/partial reading is recorded in the four audit reports
docs,docs/archive/planning/COMMUNITY_DEMAND_AND_BUILD_LOG_20260726.md,43267,Inventory only; full/partial reading is recorded in the four audit reports
docs,docs/archive/planning/EVERYWHERE_ANALYSIS_20260803.md,37840,Inventory only; full/partial reading is recorded in the four audit reports
docs,docs/archive/planning/EXTERNAL_COMPONENTS.md,11317,Inventory only; full/partial reading is recorded in the four audit reports
docs,docs/archive/planning/GAP_ANALYSIS_100_20260730.md,21475,Inventory only; full/partial reading is recorded in the four audit reports
docs,docs/archive/planning/GEMINI_POINTER_FRAME_ANALYSIS.md,9909,Inventory only; full/partial reading is recorded in the four audit reports
docs,docs/archive/planning/GEMINI_POINTER_STUDY.md,9117,Inventory only; full/partial reading is recorded in the four audit reports
docs,docs/archive/planning/GOOGLE_ADDTHIS_ANDTHIS_ANALYSIS_20260731.md,14470,Inventory only; full/partial reading is recorded in the four audit reports
docs,docs/archive/planning/GOOGLE_DEMO_FRAME_ANALYSIS_20260726.md,4297,Inventory only; full/partial reading is recorded in the four audit reports
docs,docs/archive/planning/GOOGLE_MAGIC_POINTER_ALIGNMENT.md,5399,Inventory only; full/partial reading is recorded in the four audit reports
docs,docs/archive/planning/HANDOFF.md,18298,Inventory only; full/partial reading is recorded in the four audit reports
docs,docs/archive/planning/HANDOFF_2026-07-10_MAGIC_POINTER.md,21414,Inventory only; full/partial reading is recorded in the four audit reports
docs,docs/archive/planning/HANDOFF_20260707_VISUAL_TO_AGI.md,21817,Inventory only; full/partial reading is recorded in the four audit reports
docs,docs/archive/planning/HANDOFF_20260803.md,10552,Inventory only; full/partial reading is recorded in the four audit reports
docs,docs/archive/planning/HANDOFF_20260805.md,16393,Inventory only; full/partial reading is recorded in the four audit reports
docs,docs/archive/planning/HANDOFF_20260810.md,4788,Inventory only; full/partial reading is recorded in the four audit reports
docs,docs/archive/planning/IMPLEMENTATION_STATUS_20260726.md,8428,Inventory only; full/partial reading is recorded in the four audit reports
docs,docs/archive/planning/MAGIC_POINTER_MATURE_ARCHITECTURE_20260801.md,52250,Inventory only; full/partial reading is recorded in the four audit reports
docs,docs/archive/planning/MAGIC_POINTER_REAL_WORKFLOWS_20260802.md,19754,Inventory only; full/partial reading is recorded in the four audit reports
docs,docs/archive/planning/MASTER_PLAN_20260804.md,16046,Inventory only; full/partial reading is recorded in the four audit reports
docs,docs/archive/planning/PRODUCT_DIRECTION_PIVOT_USER_RESEARCH_20260712.md,39693,Inventory only; full/partial reading is recorded in the four audit reports
docs,docs/archive/planning/PRODUCT_ECOSYSTEM_DETAILED_PLAN_20260727.md,32811,Inventory only; full/partial reading is recorded in the four audit reports
docs,docs/archive/planning/PRODUCT_PROGRESS_ALIGNMENT_20260712.md,39698,Inventory only; full/partial reading is recorded in the four audit reports
docs,docs/archive/planning/PRODUCT_RESEARCH_REASSESSMENT_20260722.md,32871,Inventory only; full/partial reading is recorded in the four audit reports
docs,docs/archive/planning/PRODUCT_STRATEGY_20260803.md,22938,Inventory only; full/partial reading is recorded in the four audit reports
docs,docs/archive/planning/PRODUCT_WISHES_AND_DEMO_IMPLEMENTATION_20260712.md,65500,Inventory only; full/partial reading is recorded in the four audit reports
docs,docs/archive/planning/PROGRESS_20260726_NIGHT2.md,846,Inventory only; full/partial reading is recorded in the four audit reports
docs,docs/archive/planning/PROGRESS_20260805.md,4354,Inventory only; full/partial reading is recorded in the four audit reports
docs,docs/archive/planning/PROJECT_STATE_AND_DIRECTION.md,9604,Inventory only; full/partial reading is recorded in the four audit reports
docs,docs/archive/planning/RESEARCH_AGENT_OCR_ADDENDUM_20260726.md,3023,Inventory only; full/partial reading is recorded in the four audit reports
docs,docs/archive/planning/REVIEW_20260710_OBSERVER_FIRST.md,8371,Inventory only; full/partial reading is recorded in the four audit reports
docs,docs/archive/planning/REVIEW_AUDIT_20260731.md,9995,Inventory only; full/partial reading is recorded in the four audit reports
docs,docs/archive/planning/STABILIZATION_PROGRESS_20260730.md,7163,Inventory only; full/partial reading is recorded in the four audit reports
docs,docs/archive/planning/TERRA_IMPLEMENTATION_HANDOFF_PROMPT_20260727.md,9301,Inventory only; full/partial reading is recorded in the four audit reports
docs,docs/archive/planning/TODO_REMAINING_20260730.md,3171,Inventory only; full/partial reading is recorded in the four audit reports
docs,docs/archive/research/2026-07-29-google-magic-pointer-open-source-grounding.md,23233,Inventory only; full/partial reading is recorded in the four audit reports
docs,docs/archive/research/2026-07-29-local-agent-project-patterns.md,12897,Inventory only; full/partial reading is recorded in the four audit reports
docs,docs/archive/research/2026-07-29-settings-extension-benchmark.md,26423,Inventory only; full/partial reading is recorded in the four audit reports
docs,docs/archive/research/2026-08-02-cross-app-continuous-selection-and-wechat-media.md,27669,Inventory only; full/partial reading is recorded in the four audit reports
docs,docs/archive/research/2026-08-04-what-uia-actually-exposes.md,5855,Inventory only; full/partial reading is recorded in the four audit reports
docs,docs/archive/research/officecli-integration-assessment.md,26773,Inventory only; full/partial reading is recorded in the four audit reports
docs,docs/archive/superpowers/plans/2026-07-12-contextual-result-surface-implementation.md,22669,Inventory only; full/partial reading is recorded in the four audit reports
docs,docs/archive/superpowers/plans/2026-07-12-grounded-review-handoff-v1.md,17223,Inventory only; full/partial reading is recorded in the four audit reports
docs,docs/archive/superpowers/plans/2026-07-12-native-calendar-action-implementation.md,1020,Inventory only; full/partial reading is recorded in the four audit reports
docs,docs/archive/superpowers/plans/2026-07-12-native-shopping-list-action-implementation.md,19549,Inventory only; full/partial reading is recorded in the four audit reports
docs,docs/archive/superpowers/plans/2026-07-22-context-prompt-compiler-alpha.md,5139,Inventory only; full/partial reading is recorded in the four audit reports
docs,docs/archive/superpowers/plans/2026-07-23-runtime-issue-handoff.md,10375,Inventory only; full/partial reading is recorded in the four audit reports
docs,docs/archive/superpowers/plans/2026-07-26-community-demand-object-bridge.md,19758,Inventory only; full/partial reading is recorded in the four audit reports
docs,docs/archive/superpowers/plans/2026-07-26-demo-grade-interaction-layer.md,8998,Inventory only; full/partial reading is recorded in the four audit reports
docs,docs/archive/superpowers/plans/2026-07-26-pointer-action-fabric.md,11083,Inventory only; full/partial reading is recorded in the four audit reports
docs,docs/archive/superpowers/plans/2026-07-29-grounding-runtime-truth.md,27201,Inventory only; full/partial reading is recorded in the four audit reports
docs,docs/archive/superpowers/plans/2026-08-01-google-sweep-renderer.md,7446,Inventory only; full/partial reading is recorded in the four audit reports
docs,docs/archive/superpowers/specs/2026-07-12-contextual-result-surface-design.md,9120,Inventory only; full/partial reading is recorded in the four audit reports
docs,docs/archive/superpowers/specs/2026-07-12-native-dashboard-calendar-design.md,6170,Inventory only; full/partial reading is recorded in the four audit reports
docs,docs/archive/superpowers/specs/2026-07-12-native-dashboard-route-design.md,2915,Inventory only; full/partial reading is recorded in the four audit reports
docs,docs/archive/superpowers/specs/2026-07-12-native-dashboard-shopping-list-design.md,10031,Inventory only; full/partial reading is recorded in the four audit reports
docs,docs/archive/superpowers/specs/2026-07-12-native-dashboard-table-merge-design.md,1319,Inventory only; full/partial reading is recorded in the four audit reports
docs,docs/archive/superpowers/specs/2026-07-22-context-prompt-compiler-alpha-design.md,8253,Inventory only; full/partial reading is recorded in the four audit reports
docs,docs/archive/superpowers/specs/2026-07-23-runtime-issue-handoff-design.md,8316,Inventory only; full/partial reading is recorded in the four audit reports
docs,docs/archive/superpowers/specs/2026-07-26-community-demand-object-bridge-design.md,9014,Inventory only; full/partial reading is recorded in the four audit reports
docs,docs/archive/superpowers/specs/2026-07-26-demo-grade-interaction-layer-design.md,5835,Inventory only; full/partial reading is recorded in the four audit reports
docs,docs/archive/superpowers/specs/2026-07-29-grounded-desktop-product-design.md,19334,Inventory only; full/partial reading is recorded in the four audit reports
docs,docs/archive/superpowers/specs/2026-08-01-single-color-sweep-visual-design.md,2427,Inventory only; full/partial reading is recorded in the four audit reports
docs,docs/design/GUI.md,23239,Inventory only; full/partial reading is recorded in the four audit reports
docs,docs/design/IMAGE_PROMPTS.md,10477,Inventory only; full/partial reading is recorded in the four audit reports
docs,docs/design/MAGIC_POINTER_HARNESS_20260811.md,195651,Inventory only; full/partial reading is recorded in the four audit reports
docs,docs/design/VIDA_PROMPTRESCUE_MEASURED.md,13156,Inventory only; full/partial reading is recorded in the four audit reports
docs,docs/design/VIDA_UI_SPEC.md,41615,Inventory only; full/partial reading is recorded in the four audit reports
docs,docs/design/lab.html,23340,Inventory only; full/partial reading is recorded in the four audit reports
docs,docs/design/lab2.html,31561,Inventory only; full/partial reading is recorded in the four audit reports
docs,docs/design/lab3.html,34544,Inventory only; full/partial reading is recorded in the four audit reports
docs,docs/evals/office-design-cases.json,17541,Inventory only; full/partial reading is recorded in the four audit reports
docs,docs/harness-gap-review-20260812.md,35210,Inventory only; full/partial reading is recorded in the four audit reports
docs,docs/harness-port-notes/2026-08-12-cc-budget-stop.md,20256,Inventory only; full/partial reading is recorded in the four audit reports
docs,docs/harness-port-notes/2026-08-12-cc-query-loop.md,33587,Inventory only; full/partial reading is recorded in the four audit reports
docs,docs/harness-port-notes/2026-08-12-cc-tool-execution.md,27902,Inventory only; full/partial reading is recorded in the four audit reports
docs,docs/harness-port-notes/2026-08-12-kimi-cu-tools.md,20638,Inventory only; full/partial reading is recorded in the four audit reports
docs,docs/harness-port-notes/2026-08-12-pi-agent-loop.md,25391,Inventory only; full/partial reading is recorded in the four audit reports
docs,docs/harness-port-notes/2026-08-12-review-loop.md,17399,Inventory only; full/partial reading is recorded in the four audit reports
docs,docs/harness-port-notes/2026-08-12-review-recipes.md,16468,Inventory only; full/partial reading is recorded in the four audit reports
docs,docs/harness-port-notes/2026-08-12-review-tools.md,14294,Inventory only; full/partial reading is recorded in the four audit reports
docs,docs/harness-port-notes/2026-08-13-cc-tool-architecture.md,4115,Inventory only; full/partial reading is recorded in the four audit reports
docs,docs/harness-port-notes/2026-08-13-end-to-end-walkthrough.md,13131,Inventory only; full/partial reading is recorded in the four audit reports
docs,docs/patches/2026-09-16-twin-cursor/data.ts.patch,506,Inventory only; full/partial reading is recorded in the four audit reports
docs,docs/patches/2026-09-16-twin-cursor/main.ts.patch,4009,Inventory only; full/partial reading is recorded in the four audit reports
docs,docs/patches/2026-09-16-twin-cursor/overlay.ts.patch,15375,Inventory only; full/partial reading is recorded in the four audit reports
docs,docs/patches/2026-09-16-twin-cursor/preload.ts.patch,904,Inventory only; full/partial reading is recorded in the four audit reports
docs,docs/perf/2026-09-16-baseline.md,2053,Inventory only; full/partial reading is recorded in the four audit reports
docs,docs/perf/2026-09-16-electron-audit.md,66467,Inventory only; full/partial reading is recorded in the four audit reports
docs,docs/planning/vida-active-layer.md,17250,Inventory only; full/partial reading is recorded in the four audit reports
docs,docs/research/2026-08-15-agent-community-real-needs.md,44509,Inventory only; full/partial reading is recorded in the four audit reports
docs,docs/research/2026-08-17-magic-pointer-harness-deliberation-verdict.md,40377,Inventory only; full/partial reading is recorded in the four audit reports
docs,docs/research/2026-08-17-magic-pointer-next-generation-agent-standalone-brief.md,69446,Inventory only; full/partial reading is recorded in the four audit reports
docs,docs/research/2026-08-17-magic-pointer-sovereign-agent-backend-blueprint.md,44423,Inventory only; full/partial reading is recorded in the four audit reports
docs,docs/research/2026-08-18-agent-leaderboards-and-harness-landscape.md,23272,Inventory only; full/partial reading is recorded in the four audit reports
docs,docs/research/2026-08-19-codex-harness-study-and-audit.md,8380,Inventory only; full/partial reading is recorded in the four audit reports
docs,docs/research/2026-08-21-coding-tools-e2e-and-hermes-baseline.md,8259,Inventory only; full/partial reading is recorded in the four audit reports
docs,docs/research/2026-08-23-harness-base-fidelity-roadmap.md,58251,Inventory only; full/partial reading is recorded in the four audit reports
docs,docs/research/2026-08-24-dsh-web-ui-gap-report.md,18649,Inventory only; full/partial reading is recorded in the four audit reports
docs,docs/research/2026-08-31-magic-pointer-competitor-footprint-ux-audit.md,20900,Inventory only; full/partial reading is recorded in the four audit reports
docs,docs/research/2026-09-05-takeover-release.md,4679,Inventory only; full/partial reading is recorded in the four audit reports
docs,docs/research/2026-09-06-sota-desktop-harness-design.md,6394,Inventory only; full/partial reading is recorded in the four audit reports
docs,docs/research/2026-09-07-mint-project-study.md,13546,Inventory only; full/partial reading is recorded in the four audit reports
docs,docs/research/2026-09-07-minttr-correction-study.md,5690,Inventory only; full/partial reading is recorded in the four audit reports
docs,docs/research/2026-09-07-minttr-wikiskill-mp-integration-study.md,18746,Inventory only; full/partial reading is recorded in the four audit reports
docs,docs/research/2026-09-07-pi-computer-use-parity-study.md,5874,Inventory only; full/partial reading is recorded in the four audit reports
docs,docs/research/2026-09-07-pi-kimi-tool-merge-and-implementation.md,16702,Inventory only; full/partial reading is recorded in the four audit reports
docs,docs/research/2026-09-16-clicky-twin-cursor.md,47473,Inventory only; full/partial reading is recorded in the four audit reports
docs,docs/research/2026-09-16-everywhere-linebyline.md,32748,Inventory only; full/partial reading is recorded in the four audit reports
docs,docs/research/2026-09-16-harness-parity-audit.md,80021,Inventory only; full/partial reading is recorded in the four audit reports
docs,docs/research/2026-09-16-vida-circle-point.md,54575,Inventory only; full/partial reading is recorded in the four audit reports
docs,docs/research/2026-09-17-claude-reference-parity.md,48784,Inventory only; full/partial reading is recorded in the four audit reports
docs,docs/research/2026-09-17-tool-loading-handoff.md,8295,Inventory only; full/partial reading is recorded in the four audit reports
docs,docs/research/2026-09-18-code-audit.md,16246,Inventory only; full/partial reading is recorded in the four audit reports
docs,docs/research/2026-09-18-context-cu-backend-parity.md,12319,Inventory only; full/partial reading is recorded in the four audit reports
docs,docs/research/2026-09-18-selection-continuity-delivery.md,14476,Inventory only; full/partial reading is recorded in the four audit reports
docs,docs/research/2026-09-18-selection-transcript-repair.md,6363,Inventory only; full/partial reading is recorded in the four audit reports
docs,docs/research/2026-09-19-composer-menu-delivery.md,6130,Inventory only; full/partial reading is recorded in the four audit reports
docs,docs/research/2026-09-19-context-usage-delivery.md,7659,Inventory only; full/partial reading is recorded in the four audit reports
docs,docs/research/2026-09-19-model-menu-delivery.md,6869,Inventory only; full/partial reading is recorded in the four audit reports
docs,docs/research/2026-09-19-prompt-versioning-delivery.md,6050,Inventory only; full/partial reading is recorded in the four audit reports
docs,docs/research/2026-09-19-prompt-versioning-handoff.md,6558,Inventory only; full/partial reading is recorded in the four audit reports
docs,docs/research/2026-09-19-selection-multisource-delivery.md,6740,Inventory only; full/partial reading is recorded in the four audit reports
docs,docs/research/2026-09-19-usage-popover-correction.md,4898,Inventory only; full/partial reading is recorded in the four audit reports
docs,docs/scraped-diff.md,6022,Inventory only; full/partial reading is recorded in the four audit reports
docs,docs/superpowers/plans/2026-08-09-javascript-to-typescript-final-sweep.md,4467,Inventory only; full/partial reading is recorded in the four audit reports
docs,docs/superpowers/plans/2026-08-09-javascript-to-typescript-wave-1.md,4272,Inventory only; full/partial reading is recorded in the four audit reports
docs,docs/superpowers/plans/2026-08-09-javascript-to-typescript-wave-10.md,865,Inventory only; full/partial reading is recorded in the four audit reports
docs,docs/superpowers/plans/2026-08-09-javascript-to-typescript-wave-11.md,828,Inventory only; full/partial reading is recorded in the four audit reports
docs,docs/superpowers/plans/2026-08-09-javascript-to-typescript-wave-12.md,854,Inventory only; full/partial reading is recorded in the four audit reports
docs,docs/superpowers/plans/2026-08-09-javascript-to-typescript-wave-13.md,827,Inventory only; full/partial reading is recorded in the four audit reports
docs,docs/superpowers/plans/2026-08-09-javascript-to-typescript-wave-2.md,2529,Inventory only; full/partial reading is recorded in the four audit reports
docs,docs/superpowers/plans/2026-08-09-javascript-to-typescript-wave-3.md,2509,Inventory only; full/partial reading is recorded in the four audit reports
docs,docs/superpowers/plans/2026-08-09-javascript-to-typescript-wave-4.md,2219,Inventory only; full/partial reading is recorded in the four audit reports
docs,docs/superpowers/plans/2026-08-09-javascript-to-typescript-wave-5.md,1755,Inventory only; full/partial reading is recorded in the four audit reports
docs,docs/superpowers/plans/2026-08-09-javascript-to-typescript-wave-6.md,1381,Inventory only; full/partial reading is recorded in the four audit reports
docs,docs/superpowers/plans/2026-08-09-javascript-to-typescript-wave-7.md,1115,Inventory only; full/partial reading is recorded in the four audit reports
docs,docs/superpowers/plans/2026-08-09-javascript-to-typescript-wave-8.md,1148,Inventory only; full/partial reading is recorded in the four audit reports
docs,docs/superpowers/plans/2026-08-09-javascript-to-typescript-wave-9.md,816,Inventory only; full/partial reading is recorded in the four audit reports
docs,docs/superpowers/plans/2026-08-09-vida-stage-surfaces.md,10485,Inventory only; full/partial reading is recorded in the four audit reports
docs,docs/superpowers/plans/2026-08-11-frame-lease-foundation.md,24525,Inventory only; full/partial reading is recorded in the four audit reports
docs,docs/superpowers/plans/2026-08-12-harness-loop-batch.md,18373,Inventory only; full/partial reading is recorded in the four audit reports
docs,docs/superpowers/plans/2026-08-12-harness-safety-batch.md,11142,Inventory only; full/partial reading is recorded in the four audit reports
docs,docs/superpowers/plans/2026-08-12-harness-scale-batch.md,9812,Inventory only; full/partial reading is recorded in the four audit reports
docs,docs/superpowers/plans/2026-08-13-production-wiring-batch.md,6463,Inventory only; full/partial reading is recorded in the four audit reports
docs,docs/superpowers/plans/2026-08-13-vida-fixed-stream-shell.md,23243,Inventory only; full/partial reading is recorded in the four audit reports
docs,docs/superpowers/plans/2026-08-14-evidence-truth-foundation.md,5020,Inventory only; full/partial reading is recorded in the four audit reports
docs,docs/superpowers/plans/2026-08-14-plugin-kernel.md,5879,Inventory only; full/partial reading is recorded in the four audit reports
docs,docs/superpowers/plans/2026-08-15-oreo-faithful-ui-rebuild.md,6419,Inventory only; full/partial reading is recorded in the four audit reports
docs,docs/superpowers/plans/2026-08-15-oreo-fixed-stage.md,3606,Inventory only; full/partial reading is recorded in the four audit reports
docs,docs/superpowers/plans/2026-08-15-oreo-stage-studio-design.md,6384,Inventory only; full/partial reading is recorded in the four audit reports
docs,docs/superpowers/plans/2026-08-15-oreo-studio-rebuild.md,3495,Inventory only; full/partial reading is recorded in the four audit reports
docs,docs/superpowers/plans/2026-08-15-settings-truth-and-ia.md,4829,Inventory only; full/partial reading is recorded in the four audit reports
docs,docs/superpowers/plans/2026-08-16-agent-foundation-consolidation.md,7504,Inventory only; full/partial reading is recorded in the four audit reports
docs,docs/superpowers/plans/2026-08-17-dsh-studio-fidelity.md,1539,Inventory only; full/partial reading is recorded in the four audit reports
docs,docs/superpowers/plans/2026-08-17-perception-input-artifact-foundation.md,11953,Inventory only; full/partial reading is recorded in the four audit reports
docs,docs/superpowers/plans/2026-08-18-desktop-action-surface.md,1528,Inventory only; full/partial reading is recorded in the four audit reports
docs,docs/superpowers/plans/2026-08-18-draft-artifact-revision.md,3076,Inventory only; full/partial reading is recorded in the four audit reports
docs,docs/superpowers/plans/2026-08-18-perception-provider-fusion-seam.md,6032,Inventory only; full/partial reading is recorded in the four audit reports
docs,docs/superpowers/plans/2026-08-18-run-kernel-ledger-foundation.md,7521,Inventory only; full/partial reading is recorded in the four audit reports
docs,docs/superpowers/plans/2026-08-18-uia-bridge-and-receipt.md,1164,Inventory only; full/partial reading is recorded in the four audit reports
docs,docs/superpowers/plans/2026-09-01-claude-fidelity-studio-rebuild.md,40768,Inventory only; full/partial reading is recorded in the four audit reports
docs,docs/superpowers/plans/2026-09-01-harness-ux-fix-orders.md,17279,Inventory only; full/partial reading is recorded in the four audit reports
docs,docs/superpowers/plans/2026-09-05-studio-claude-interaction-correction.md,14429,Inventory only; full/partial reading is recorded in the four audit reports
docs,docs/superpowers/plans/2026-09-06-mainline-consolidation.md,2661,Inventory only; full/partial reading is recorded in the four audit reports
docs,docs/superpowers/plans/2026-09-17-selection-task-and-claude-parity.md,3298,Inventory only; full/partial reading is recorded in the four audit reports
docs,docs/superpowers/plans/2026-09-17-tool-loading-foundation.md,4021,Inventory only; full/partial reading is recorded in the four audit reports
docs,docs/superpowers/plans/2026-09-18-selection-materials-and-tool-transcript.md,1858,Inventory only; full/partial reading is recorded in the four audit reports
docs,docs/superpowers/specs/2026-08-09-vida-stage-surfaces-design.md,5861,Inventory only; full/partial reading is recorded in the four audit reports
docs,docs/superpowers/specs/2026-08-13-vida-fixed-stream-shell-design.md,11170,Inventory only; full/partial reading is recorded in the four audit reports
docs,docs/superpowers/specs/2026-08-14-magic-pointer-harness-reconstruction-design.md,23188,Inventory only; full/partial reading is recorded in the four audit reports
docs,docs/superpowers/specs/2026-08-17-dsh-studio-fidelity-design.md,4850,Inventory only; full/partial reading is recorded in the four audit reports
docs,docs/superpowers/specs/2026-08-31-lightweight-bootstrap-activity-surface-design.md,9801,Inventory only; full/partial reading is recorded in the four audit reports
docs,docs/superpowers/specs/2026-09-01-claude-fidelity-studio-rebuild-design.md,26682,Inventory only; full/partial reading is recorded in the four audit reports
docs,docs/superpowers/specs/2026-09-05-studio-claude-interaction-correction-design.md,4875,Inventory only; full/partial reading is recorded in the four audit reports
docs,docs/superpowers/specs/2026-09-06-mainline-consolidation-design.md,2059,Inventory only; full/partial reading is recorded in the four audit reports
docs,docs/爬取.md,13447,Inventory only; full/partial reading is recorded in the four audit reports
(root),electron-builder.yml,4295,Inventory only; full/partial reading is recorded in the four audit reports
electron,electron/activation_gate.ts,1172,Inventory only; full/partial reading is recorded in the four audit reports
electron,electron/agent_cursor_policy.ts,13317,Inventory only; full/partial reading is recorded in the four audit reports
electron,electron/agent_cursor_window.ts,10201,Inventory only; full/partial reading is recorded in the four audit reports
electron,electron/agent_session_id.ts,1470,Inventory only; full/partial reading is recorded in the four audit reports
electron,electron/answer_shape_policy.ts,5409,Inventory only; full/partial reading is recorded in the four audit reports
electron,electron/app_lifecycle.ts,2630,Inventory only; full/partial reading is recorded in the four audit reports
electron,electron/append_log.ts,5116,Inventory only; full/partial reading is recorded in the four audit reports
electron,electron/artifact_runtime.ts,3696,Inventory only; full/partial reading is recorded in the four audit reports
electron,electron/background_learning.ts,1481,Inventory only; full/partial reading is recorded in the four audit reports
electron,electron/bootstrap_runner.ts,11342,Inventory only; full/partial reading is recorded in the four audit reports
electron,electron/bridge_progress_lines.ts,3049,Inventory only; full/partial reading is recorded in the four audit reports
electron,electron/browser_view_policy.ts,1465,Inventory only; full/partial reading is recorded in the four audit reports
electron,electron/capture_commit_coordinator.ts,6510,Inventory only; full/partial reading is recorded in the four audit reports
electron,electron/capture_proof_policy.ts,7175,Inventory only; full/partial reading is recorded in the four audit reports
electron,electron/cards.ts,18576,Inventory only; full/partial reading is recorded in the four audit reports
electron,electron/clarification_chips.ts,2351,Inventory only; full/partial reading is recorded in the four audit reports
electron,electron/context_trackers.ts,24507,Inventory only; full/partial reading is recorded in the four audit reports
electron,electron/conversation_control.ts,10836,Inventory only; full/partial reading is recorded in the four audit reports
electron,electron/conversation_error.ts,1225,Inventory only; full/partial reading is recorded in the four audit reports
electron,electron/conversation_store.ts,45783,Inventory only; full/partial reading is recorded in the four audit reports
electron,electron/conversation_workspace_policy.ts,1489,Inventory only; full/partial reading is recorded in the four audit reports
electron,electron/coordinate_space.ts,17899,Inventory only; full/partial reading is recorded in the four audit reports
electron,electron/credential_store.ts,4206,Inventory only; full/partial reading is recorded in the four audit reports
electron,electron/dictation_correction_policy.ts,4264,Inventory only; full/partial reading is recorded in the four audit reports
electron,electron/element_ghost_policy.ts,4610,Inventory only; full/partial reading is recorded in the four audit reports
electron,electron/figma_bridge.ts,19119,Inventory only; full/partial reading is recorded in the four audit reports
electron,electron/figma_runtime.ts,3421,Inventory only; full/partial reading is recorded in the four audit reports
electron,electron/frame_capture_worker_client.ts,10902,Inventory only; full/partial reading is recorded in the four audit reports
electron,electron/frame_lease.ts,6770,Inventory only; full/partial reading is recorded in the four audit reports
electron,electron/geometry_space.ts,4845,Inventory only; full/partial reading is recorded in the four audit reports
electron,electron/gesture_capture.ts,15437,Inventory only; full/partial reading is recorded in the four audit reports
electron,electron/gesture_runtime_settings.ts,1798,Inventory only; full/partial reading is recorded in the four audit reports
electron,electron/interaction_episode.ts,33107,Inventory only; full/partial reading is recorded in the four audit reports
electron,electron/internal_action_policy.ts,4789,Inventory only; full/partial reading is recorded in the four audit reports
electron,electron/ipc_surface_policy.ts,643,Inventory only; full/partial reading is recorded in the four audit reports
electron,electron/main.ts,335653,Inventory only; full/partial reading is recorded in the four audit reports
electron,electron/model_runtime_config.ts,10400,Inventory only; full/partial reading is recorded in the four audit reports
electron,electron/mouse_activation.ts,1954,Inventory only; full/partial reading is recorded in the four audit reports
electron,electron/observability.ts,8791,Inventory only; full/partial reading is recorded in the four audit reports
electron,electron/pass_through_gesture.ts,5959,Inventory only; full/partial reading is recorded in the four audit reports
electron,electron/pointer_dismiss_policy.ts,741,Inventory only; full/partial reading is recorded in the four audit reports
electron,electron/pointer_polling_policy.ts,2262,Inventory only; full/partial reading is recorded in the four audit reports
electron,electron/preflight_checks.ts,15334,Inventory only; full/partial reading is recorded in the four audit reports
electron,electron/preload.ts,28753,Inventory only; full/partial reading is recorded in the four audit reports
electron,electron/proactive_once_store.ts,1586,Inventory only; full/partial reading is recorded in the four audit reports
electron,electron/proactive_rules.ts,5291,Inventory only; full/partial reading is recorded in the four audit reports
electron,electron/profile_workspace.ts,1006,Inventory only; full/partial reading is recorded in the four audit reports
electron,electron/project_environment.ts,5047,Inventory only; full/partial reading is recorded in the four audit reports
electron,electron/project_inspector.ts,2326,Inventory only; full/partial reading is recorded in the four audit reports
electron,electron/python_bridge_runner.ts,8643,Inventory only; full/partial reading is recorded in the four audit reports
electron,electron/python_runtime.ts,2685,Inventory only; full/partial reading is recorded in the four audit reports
electron,electron/quota_probe.ts,12441,Inventory only; full/partial reading is recorded in the four audit reports
electron,electron/renderer/artifact_editor.ts,14341,Inventory only; full/partial reading is recorded in the four audit reports
electron,electron/renderer/assets/armed-cursor.cur,1395,Inventory only; full/partial reading is recorded in the four audit reports
electron,electron/renderer/assets/armed-cursor.svg,858,Inventory only; full/partial reading is recorded in the four audit reports
electron,electron/renderer/assets/claude-reference/HandBlocks.svg,26219,Inventory only; full/partial reading is recorded in the four audit reports
electron,electron/renderer/assets/claude-reference/HandShapes.svg,24176,Inventory only; full/partial reading is recorded in the four audit reports
electron,electron/renderer/assets/claude-reference/ObjectStopwatch.svg,12435,Inventory only; full/partial reading is recorded in the four audit reports
electron,electron/renderer/assets/claude-reference/artifact-previews.css,7553,Inventory only; full/partial reading is recorded in the four audit reports
electron,electron/renderer/assets/claude-reference/artifact-previews.json,47537,Inventory only; full/partial reading is recorded in the four audit reports
electron,electron/renderer/assets/claude/README.md,781,Inventory only; full/partial reading is recorded in the four audit reports
electron,electron/renderer/assets/claude/effort-shaders.js,15081,Inventory only; full/partial reading is recorded in the four audit reports
electron,electron/renderer/assets/claude/spark-thinking.svg,9717,Inventory only; full/partial reading is recorded in the four audit reports
electron,electron/renderer/assets/claude/spark-writing.svg,17880,Inventory only; full/partial reading is recorded in the four audit reports
electron,electron/renderer/assets/fonts/AnthropicSans-Italic-Variable-CJtkx3-S.woff2,129536,Inventory only; full/partial reading is recorded in the four audit reports
electron,electron/renderer/assets/fonts/AnthropicSans-Roman-Variable-DDVos-BJ.woff2,118172,Inventory only; full/partial reading is recorded in the four audit reports
electron,electron/renderer/assets/fonts/AnthropicSerif-Italic-Variable-Dcb-9NUS.woff2,163440,Inventory only; full/partial reading is recorded in the four audit reports
electron,electron/renderer/assets/fonts/AnthropicSerif-Roman-Variable-2VcCjn5t.woff2,165536,Inventory only; full/partial reading is recorded in the four audit reports
electron,electron/renderer/assets/fonts/Anthropicons-Variable.woff2,94528,Inventory only; full/partial reading is recorded in the four audit reports
electron,electron/renderer/assets/media/hero.mp4,5963593,Inventory only; full/partial reading is recorded in the four audit reports
electron,electron/renderer/beam.css,6559,Inventory only; full/partial reading is recorded in the four audit reports
electron,electron/renderer/card_render.ts,27199,Inventory only; full/partial reading is recorded in the four audit reports
electron,electron/renderer/cards.css,18981,Inventory only; full/partial reading is recorded in the four audit reports
electron,electron/renderer/cds_icons.css,3999,Inventory only; full/partial reading is recorded in the four audit reports
electron,electron/renderer/cds_icons.ts,4667,Inventory only; full/partial reading is recorded in the four audit reports
electron,electron/renderer/claude_chat.css,69253,Inventory only; full/partial reading is recorded in the four audit reports
electron,electron/renderer/claude_marks.ts,8268,Inventory only; full/partial reading is recorded in the four audit reports
electron,electron/renderer/claude_shell.css,62239,Inventory only; full/partial reading is recorded in the four audit reports
electron,electron/renderer/claude_tokens.css,9040,Inventory only; full/partial reading is recorded in the four audit reports
electron,electron/renderer/companion.css,4072,Inventory only; full/partial reading is recorded in the four audit reports
electron,electron/renderer/companion.html,3060,Inventory only; full/partial reading is recorded in the four audit reports
electron,electron/renderer/companion.ts,11553,Inventory only; full/partial reading is recorded in the four audit reports
electron,electron/renderer/composer.css,5930,Inventory only; full/partial reading is recorded in the four audit reports
electron,electron/renderer/composer.ts,17862,Inventory only; full/partial reading is recorded in the four audit reports
electron,electron/renderer/data.ts,64995,Inventory only; full/partial reading is recorded in the four audit reports
electron,electron/renderer/dsh_chat.ts,75896,Inventory only; full/partial reading is recorded in the four audit reports
electron,electron/renderer/dsh_highlight.ts,15498,Inventory only; full/partial reading is recorded in the four audit reports
electron,electron/renderer/dsh_icons.ts,20521,Inventory only; full/partial reading is recorded in the four audit reports
electron,electron/renderer/dsh_markdown.ts,12811,Inventory only; full/partial reading is recorded in the four audit reports
electron,electron/renderer/dsh_trajectory.ts,19928,Inventory only; full/partial reading is recorded in the four audit reports
electron,electron/renderer/effort_levels.ts,1466,Inventory only; full/partial reading is recorded in the four audit reports
electron,electron/renderer/effort_particles.ts,6701,Inventory only; full/partial reading is recorded in the four audit reports
electron,electron/renderer/gallery.html,1253,Inventory only; full/partial reading is recorded in the four audit reports
electron,electron/renderer/gallery.ts,6440,Inventory only; full/partial reading is recorded in the four audit reports
electron,electron/renderer/icons.ts,48499,Inventory only; full/partial reading is recorded in the four audit reports
electron,electron/renderer/index.html,1016,Inventory only; full/partial reading is recorded in the four audit reports
electron,electron/renderer/lab.html,2405,Inventory only; full/partial reading is recorded in the four audit reports
electron,electron/renderer/lab.ts,3519,Inventory only; full/partial reading is recorded in the four audit reports
electron,electron/renderer/live_cards.ts,3300,Inventory only; full/partial reading is recorded in the four audit reports
electron,electron/renderer/onboarding.css,9665,Inventory only; full/partial reading is recorded in the four audit reports
electron,electron/renderer/onboarding.html,4151,Inventory only; full/partial reading is recorded in the four audit reports
electron,electron/renderer/onboarding.ts,5962,Inventory only; full/partial reading is recorded in the four audit reports
electron,electron/renderer/oreo.css,23196,Inventory only; full/partial reading is recorded in the four audit reports
electron,electron/renderer/oreo_tokens.css,4133,Inventory only; full/partial reading is recorded in the four audit reports
electron,electron/renderer/overlay.ts,43938,Inventory only; full/partial reading is recorded in the four audit reports
electron,electron/renderer/panel.css,3921,Inventory only; full/partial reading is recorded in the four audit reports
electron,electron/renderer/panel.html,1102,Inventory only; full/partial reading is recorded in the four audit reports
electron,electron/renderer/panel.ts,7089,Inventory only; full/partial reading is recorded in the four audit reports
electron,electron/renderer/permission_presets.ts,4134,Inventory only; full/partial reading is recorded in the four audit reports
electron,electron/renderer/popover_position.ts,1549,Inventory only; full/partial reading is recorded in the four audit reports
electron,electron/renderer/settings.ts,14402,Inventory only; full/partial reading is recorded in the four audit reports
electron,electron/renderer/settings_model.ts,17770,Inventory only; full/partial reading is recorded in the four audit reports
electron,electron/renderer/sidebar_groups.ts,3897,Inventory only; full/partial reading is recorded in the four audit reports
electron,electron/renderer/stage.css,61423,Inventory only; full/partial reading is recorded in the four audit reports
electron,electron/renderer/stage.html,12451,Inventory only; full/partial reading is recorded in the four audit reports
electron,electron/renderer/stage.ts,113679,Inventory only; full/partial reading is recorded in the four audit reports
electron,electron/renderer/studio.html,55916,Inventory only; full/partial reading is recorded in the four audit reports
electron,electron/renderer/studio.ts,322399,Inventory only; full/partial reading is recorded in the four audit reports
electron,electron/renderer/studio_artifacts.css,11915,Inventory only; full/partial reading is recorded in the four audit reports
electron,electron/renderer/studio_home.ts,14181,Inventory only; full/partial reading is recorded in the four audit reports
electron,electron/renderer/studio_inspector_state.ts,3515,Inventory only; full/partial reading is recorded in the four audit reports
electron,electron/renderer/studio_libraries.css,22984,Inventory only; full/partial reading is recorded in the four audit reports
electron,electron/renderer/studio_libraries.ts,52504,Inventory only; full/partial reading is recorded in the four audit reports
electron,electron/renderer/studio_search.ts,5381,Inventory only; full/partial reading is recorded in the four audit reports
electron,electron/renderer/studio_subagents.ts,6640,Inventory only; full/partial reading is recorded in the four audit reports
electron,electron/renderer/styles.css,10534,Inventory only; full/partial reading is recorded in the four audit reports
electron,electron/renderer/sweep_visual.ts,27453,Inventory only; full/partial reading is recorded in the four audit reports
electron,electron/renderer/theme_boot.js,615,Inventory only; full/partial reading is recorded in the four audit reports
electron,electron/renderer/tokens.css,3621,Inventory only; full/partial reading is recorded in the four audit reports
electron,electron/renderer/typography.css,228,Inventory only; full/partial reading is recorded in the four audit reports
electron,electron/renderer/ui_primitives.css,847,Inventory only; full/partial reading is recorded in the four audit reports
electron,electron/renderer_readiness.ts,819,Inventory only; full/partial reading is recorded in the four audit reports
electron,electron/result_surface_policy.ts,5506,Inventory only; full/partial reading is recorded in the four audit reports
electron,electron/route_policy.ts,2238,Inventory only; full/partial reading is recorded in the four audit reports
electron,electron/runtime_paths.ts,419,Inventory only; full/partial reading is recorded in the four audit reports
electron,electron/runtime_snapshot.ts,4843,Inventory only; full/partial reading is recorded in the four audit reports
electron,electron/security_hardening.ts,7960,Inventory only; full/partial reading is recorded in the four audit reports
electron,electron/selection_session.ts,9987,Inventory only; full/partial reading is recorded in the four audit reports
electron,electron/selection_worker_client.ts,7708,Inventory only; full/partial reading is recorded in the four audit reports
electron,electron/session_timeline.ts,5489,Inventory only; full/partial reading is recorded in the four audit reports
electron,electron/session_worktree.ts,3103,Inventory only; full/partial reading is recorded in the four audit reports
electron,electron/settings_save_policy.ts,2578,Inventory only; full/partial reading is recorded in the four audit reports
electron,electron/settings_store.ts,31741,Inventory only; full/partial reading is recorded in the four audit reports
electron,electron/slash_trigger.ts,762,Inventory only; full/partial reading is recorded in the four audit reports
electron,electron/stage_anchor.ts,10120,Inventory only; full/partial reading is recorded in the four audit reports
electron,electron/stage_chips_policy.ts,3564,Inventory only; full/partial reading is recorded in the four audit reports
electron,electron/stage_contract.ts,20633,Inventory only; full/partial reading is recorded in the four audit reports
electron,electron/stage_hit_policy.ts,3898,Inventory only; full/partial reading is recorded in the four audit reports
electron,electron/stage_hit_regions.ts,1036,Inventory only; full/partial reading is recorded in the four audit reports
electron,electron/stage_pick_policy.ts,5487,Inventory only; full/partial reading is recorded in the four audit reports
electron,electron/stage_state.ts,14567,Inventory only; full/partial reading is recorded in the four audit reports
electron,electron/stage_stretch_policy.ts,5531,Inventory only; full/partial reading is recorded in the four audit reports
electron,electron/stage_surface_policy.ts,2902,Inventory only; full/partial reading is recorded in the four audit reports
electron,electron/stage_turn_stream.ts,11318,Inventory only; full/partial reading is recorded in the four audit reports
electron,electron/stash_runtime.ts,19602,Inventory only; full/partial reading is recorded in the four audit reports
electron,electron/stash_store.ts,19056,Inventory only; full/partial reading is recorded in the four audit reports
electron,electron/studio_home_stats.ts,9346,Inventory only; full/partial reading is recorded in the four audit reports
electron,electron/studio_shell.ts,2865,Inventory only; full/partial reading is recorded in the four audit reports
electron,electron/submit_gating_policy.ts,3990,Inventory only; full/partial reading is recorded in the four audit reports
electron,electron/task_input_transport.ts,2530,Inventory only; full/partial reading is recorded in the four audit reports
electron,electron/task_sources.ts,17677,Inventory only; full/partial reading is recorded in the four audit reports
electron,electron/task_watcher.ts,13893,Inventory only; full/partial reading is recorded in the four audit reports
electron,electron/update_manager.ts,10490,Inventory only; full/partial reading is recorded in the four audit reports
electron,electron/voice_focus_guard.ts,4822,Inventory only; full/partial reading is recorded in the four audit reports
electron,electron/voice_resident_runtime.ts,15402,Inventory only; full/partial reading is recorded in the four audit reports
electron,electron/voice_trigger_policy.ts,4831,Inventory only; full/partial reading is recorded in the four audit reports
electron,electron/voice_worker_client.ts,11313,Inventory only; full/partial reading is recorded in the four audit reports
electron,electron/wiggle_detector.ts,10632,Inventory only; full/partial reading is recorded in the four audit reports
electron,electron/wiggle_reliability.ts,6545,Inventory only; full/partial reading is recorded in the four audit reports
(root),eslint.config.mjs,4253,Inventory only; full/partial reading is recorded in the four audit reports
(root),harness-v2.md,236971,Inventory only; full/partial reading is recorded in the four audit reports
integrations,integrations/claude/.mcp.example.json,149,Inventory only; full/partial reading is recorded in the four audit reports
integrations,integrations/claude/hooks.example.json,472,Inventory only; full/partial reading is recorded in the four audit reports
integrations,integrations/codex/config.example.toml,225,Inventory only; full/partial reading is recorded in the four audit reports
integrations,integrations/cursor/mcp.example.json,149,Inventory only; full/partial reading is recorded in the four audit reports
integrations,integrations/figma/code.ts,8554,Inventory only; full/partial reading is recorded in the four audit reports
integrations,integrations/figma/manifest.template.json,442,Inventory only; full/partial reading is recorded in the four audit reports
integrations,integrations/figma/patch.ts,11369,Inventory only; full/partial reading is recorded in the four audit reports
integrations,integrations/figma/tsconfig.json,309,Inventory only; full/partial reading is recorded in the four audit reports
integrations,integrations/figma/ui.html,2573,Inventory only; full/partial reading is recorded in the four audit reports
integrations,integrations/figma/ui.ts,7581,Inventory only; full/partial reading is recorded in the four audit reports
integrations,integrations/gemini/hooks.example.json,619,Inventory only; full/partial reading is recorded in the four audit reports
integrations,integrations/pi/magic_pointer_extension.ts,5709,Inventory only; full/partial reading is recorded in the four audit reports
native,native/macos/MagicPointerHost.swift,3293,Inventory only; full/partial reading is recorded in the four audit reports
native,native/macos/README.md,1068,Inventory only; full/partial reading is recorded in the four audit reports
(root),package-lock.json,193823,Inventory only; full/partial reading is recorded in the four audit reports
(root),package.json,3256,Inventory only; full/partial reading is recorded in the four audit reports
packaging,packaging/entitlements.mac.plist,648,Inventory only; full/partial reading is recorded in the four audit reports
packaging,packaging/installer.nsh,501,Inventory only; full/partial reading is recorded in the four audit reports
(root),pyproject.toml,958,Inventory only; full/partial reading is recorded in the four audit reports
(root),requirements.lock.txt,142687,Inventory only; full/partial reading is recorded in the four audit reports
(root),requirements.txt,371,Inventory only; full/partial reading is recorded in the four audit reports
scripts,scripts/MagicPointer.vbs,686,Inventory only; full/partial reading is recorded in the four audit reports
scripts,scripts/MagicPointerPanel.vbs,686,Inventory only; full/partial reading is recorded in the four audit reports
scripts,scripts/__init__.py,69,Inventory only; full/partial reading is recorded in the four audit reports
scripts,scripts/_bridge_common.py,4464,Inventory only; full/partial reading is recorded in the four audit reports
scripts,scripts/action_bridge.py,6971,Inventory only; full/partial reading is recorded in the four audit reports
scripts,scripts/agent_bridge.py,2236,Inventory only; full/partial reading is recorded in the four audit reports
scripts,scripts/agent_hook_bridge.py,1463,Inventory only; full/partial reading is recorded in the four audit reports
scripts,scripts/agent_session_bridge.py,9039,Inventory only; full/partial reading is recorded in the four audit reports
scripts,scripts/agent_worker.py,16371,Inventory only; full/partial reading is recorded in the four audit reports
scripts,scripts/analyze_pointer_videos.py,9686,Inventory only; full/partial reading is recorded in the four audit reports
scripts,scripts/artifact_bridge.py,17860,Inventory only; full/partial reading is recorded in the four audit reports
scripts,scripts/benchmark_agent_loop.py,5810,Inventory only; full/partial reading is recorded in the four audit reports
scripts,scripts/benchmark_frame_capture.py,10164,Inventory only; full/partial reading is recorded in the four audit reports
scripts,scripts/benchmark_selection_context.py,3818,Inventory only; full/partial reading is recorded in the four audit reports
scripts,scripts/benchmark_vision_models.py,9058,Inventory only; full/partial reading is recorded in the four audit reports
scripts,scripts/benchmark_voice_engines.py,7417,Inventory only; full/partial reading is recorded in the four audit reports
scripts,scripts/bridge_progress.py,7320,Inventory only; full/partial reading is recorded in the four audit reports
scripts,scripts/build-electron.ts,3859,Inventory only; full/partial reading is recorded in the four audit reports
scripts,scripts/build-figma.ts,3014,Inventory only; full/partial reading is recorded in the four audit reports
scripts,scripts/build_wgc_tool.py,1984,Inventory only; full/partial reading is recorded in the four audit reports
scripts,scripts/calendar_bridge.py,4737,Inventory only; full/partial reading is recorded in the four audit reports
scripts,scripts/capture_hero.ts,1563,Inventory only; full/partial reading is recorded in the four audit reports
scripts,scripts/capture_live_sweep_visual.ts,1285,Inventory only; full/partial reading is recorded in the four audit reports
scripts,scripts/capture_local_html.js,626,Inventory only; full/partial reading is recorded in the four audit reports
scripts,scripts/capture_page.ts,2295,Inventory only; full/partial reading is recorded in the four audit reports
scripts,scripts/capture_panel_preview.ts,1449,Inventory only; full/partial reading is recorded in the four audit reports
scripts,scripts/capture_reader_preview.ts,2339,Inventory only; full/partial reading is recorded in the four audit reports
scripts,scripts/capture_result_preview.ts,1696,Inventory only; full/partial reading is recorded in the four audit reports
scripts,scripts/capture_stage.ts,6705,Inventory only; full/partial reading is recorded in the four audit reports
scripts,scripts/capture_studio_fidelity.js,2926,Inventory only; full/partial reading is recorded in the four audit reports
scripts,scripts/capture_workspace.ts,2008,Inventory only; full/partial reading is recorded in the four audit reports
scripts,scripts/cdp_eval.py,1398,Inventory only; full/partial reading is recorded in the four audit reports
scripts,scripts/cdp_shot.py,2006,Inventory only; full/partial reading is recorded in the four audit reports
scripts,scripts/check_uia_admission.py,1533,Inventory only; full/partial reading is recorded in the four audit reports
scripts,scripts/collect-diagnostics.ts,6640,Inventory only; full/partial reading is recorded in the four audit reports
scripts,scripts/configure_groq.ps1,1077,Inventory only; full/partial reading is recorded in the four audit reports
scripts,scripts/conversation_bridge.py,60084,Inventory only; full/partial reading is recorded in the four audit reports
scripts,scripts/deliver_text_bridge.py,4761,Inventory only; full/partial reading is recorded in the four audit reports
scripts,scripts/discover_chat_stores.py,1397,Inventory only; full/partial reading is recorded in the four audit reports
scripts,scripts/electron_bridge.py,40391,Inventory only; full/partial reading is recorded in the four audit reports
scripts,scripts/element_probe_bridge.py,12403,Inventory only; full/partial reading is recorded in the four audit reports
scripts,scripts/eval_office_scenarios.py,26329,Inventory only; full/partial reading is recorded in the four audit reports
scripts,scripts/expand_passage_bridge.py,5173,Inventory only; full/partial reading is recorded in the four audit reports
scripts,scripts/extract_frames.ts,2767,Inventory only; full/partial reading is recorded in the four audit reports
scripts,scripts/fabric_bridge.py,33648,Inventory only; full/partial reading is recorded in the four audit reports
scripts,scripts/figma_manifest.ts,1514,Inventory only; full/partial reading is recorded in the four audit reports
scripts,scripts/frame_capture_worker.py,17030,Inventory only; full/partial reading is recorded in the four audit reports
scripts,scripts/frame_lease.py,6011,Inventory only; full/partial reading is recorded in the four audit reports
scripts,scripts/generate_replay_fixtures.py,9687,Inventory only; full/partial reading is recorded in the four audit reports
scripts,scripts/harness_dump_config.py,3766,Inventory only; full/partial reading is recorded in the four audit reports
scripts,scripts/install_agent_hooks.py,4004,Inventory only; full/partial reading is recorded in the four audit reports
scripts,scripts/learning_candidates_bridge.py,3599,Inventory only; full/partial reading is recorded in the four audit reports
scripts,scripts/learning_review_bridge.py,1705,Inventory only; full/partial reading is recorded in the four audit reports
scripts,scripts/learning_review_worker.py,1349,Inventory only; full/partial reading is recorded in the four audit reports
scripts,scripts/local_voice_bridge.py,23105,Inventory only; full/partial reading is recorded in the four audit reports
scripts,scripts/local_voice_worker.py,34204,Inventory only; full/partial reading is recorded in the four audit reports
scripts,scripts/magic_pointer_mcp.py,1235,Inventory only; full/partial reading is recorded in the four audit reports
scripts,scripts/measure_uia_probe.py,1344,Inventory only; full/partial reading is recorded in the four audit reports
scripts,scripts/model_cli.js,4292,Inventory only; full/partial reading is recorded in the four audit reports
scripts,scripts/native_element_picker_demo.cs,11523,Inventory only; full/partial reading is recorded in the four audit reports
scripts,scripts/ocr_resident_worker.py,23345,Inventory only; full/partial reading is recorded in the four audit reports
scripts,scripts/office_selection_probe.vbs,2438,Inventory only; full/partial reading is recorded in the four audit reports
scripts,scripts/onboarding_fixture.py,719,Inventory only; full/partial reading is recorded in the four audit reports
scripts,scripts/pointer_input_state.ps1,20233,Inventory only; full/partial reading is recorded in the four audit reports
scripts,scripts/prepare_python_runtime.ps1,16291,Inventory only; full/partial reading is recorded in the four audit reports
scripts,scripts/prepare_python_runtime_macos.sh,2827,Inventory only; full/partial reading is recorded in the four audit reports
scripts,scripts/probe_composer_menus.cjs,8635,Inventory only; full/partial reading is recorded in the four audit reports
scripts,scripts/probe_library_acceptance.js,33658,Inventory only; full/partial reading is recorded in the four audit reports
scripts,scripts/probe_model_menu.cjs,6415,Inventory only; full/partial reading is recorded in the four audit reports
scripts,scripts/probe_native_cursor.ps1,1401,Inventory only; full/partial reading is recorded in the four audit reports
scripts,scripts/probe_selection_live_acceptance.js,24759,Inventory only; full/partial reading is recorded in the four audit reports
scripts,scripts/probe_studio_batch.ts,4136,Inventory only; full/partial reading is recorded in the four audit reports
scripts,scripts/probe_studio_batch_preload.js,1410,Inventory only; full/partial reading is recorded in the four audit reports
scripts,scripts/probe_studio_claude.ts,34330,Inventory only; full/partial reading is recorded in the four audit reports
scripts,scripts/probe_studio_claude_preload.js,22939,Inventory only; full/partial reading is recorded in the four audit reports
scripts,scripts/probe_studio_click.ts,2024,Inventory only; full/partial reading is recorded in the four audit reports
scripts,scripts/probe_studio_computed.ts,4998,Inventory only; full/partial reading is recorded in the four audit reports
scripts,scripts/probe_studio_flow.ts,3598,Inventory only; full/partial reading is recorded in the four audit reports
scripts,scripts/probe_studio_interactions.ts,19315,Inventory only; full/partial reading is recorded in the four audit reports
scripts,scripts/probe_studio_shot.ts,2550,Inventory only; full/partial reading is recorded in the four audit reports
scripts,scripts/probe_studio_think.js,12395,Inventory only; full/partial reading is recorded in the four audit reports
scripts,scripts/probe_uia_region_scope.ps1,2792,Inventory only; full/partial reading is recorded in the four audit reports
scripts,scripts/real_scenario_test.py,38135,Inventory only; full/partial reading is recorded in the four audit reports
scripts,scripts/record_desktop_trace.py,2828,Inventory only; full/partial reading is recorded in the four audit reports
scripts,scripts/replay_selection_materials.py,4339,Inventory only; full/partial reading is recorded in the four audit reports
scripts,scripts/run-electron-builder.ts,3043,Inventory only; full/partial reading is recorded in the four audit reports
scripts,scripts/run-node-tests.ts,2006,Inventory only; full/partial reading is recorded in the four audit reports
scripts,scripts/run_electron_overlay.bat,44,Inventory only; full/partial reading is recorded in the four audit reports
scripts,scripts/run_trace_replay.py,4269,Inventory only; full/partial reading is recorded in the four audit reports
scripts,scripts/selection_bridge.py,168273,Inventory only; full/partial reading is recorded in the four audit reports
scripts,scripts/selection_snapshot_bridge.py,125472,Inventory only; full/partial reading is recorded in the four audit reports
scripts,scripts/selection_worker.py,5093,Inventory only; full/partial reading is recorded in the four audit reports
scripts,scripts/sense_voice_bridge.py,13288,Inventory only; full/partial reading is recorded in the four audit reports
scripts,scripts/sense_voice_setup.py,4928,Inventory only; full/partial reading is recorded in the four audit reports
scripts,scripts/shopping_list_bridge.py,4050,Inventory only; full/partial reading is recorded in the four audit reports
scripts,scripts/smoke/golden_path_smoke.py,10728,Inventory only; full/partial reading is recorded in the four audit reports
scripts,scripts/smoke_fabric.py,4023,Inventory only; full/partial reading is recorded in the four audit reports
scripts,scripts/start_electron_overlay.bat,751,Inventory only; full/partial reading is recorded in the four audit reports
scripts,scripts/start_native_element_picker_demo.ps1,1454,Inventory only; full/partial reading is recorded in the four audit reports
scripts,scripts/start_windows_dictation.ps1,691,Inventory only; full/partial reading is recorded in the four audit reports
scripts,scripts/stash_describe_bridge.py,1993,Inventory only; full/partial reading is recorded in the four audit reports
scripts,scripts/stop_magic_pointer.bat,98,Inventory only; full/partial reading is recorded in the four audit reports
scripts,scripts/stop_magic_pointer.ps1,1936,Inventory only; full/partial reading is recorded in the four audit reports
scripts,scripts/sync_install.ps1,3249,Inventory only; full/partial reading is recorded in the four audit reports
scripts,scripts/uia_draft_writer.cs,29075,Inventory only; full/partial reading is recorded in the four audit reports
scripts,scripts/uia_selection_probe.cs,94844,Inventory only; full/partial reading is recorded in the four audit reports
scripts,scripts/uia_tree_dump.cs,14354,Inventory only; full/partial reading is recorded in the four audit reports
scripts,scripts/uia_tree_dump.py,3310,Inventory only; full/partial reading is recorded in the four audit reports
scripts,scripts/verify_browser_selection_alignment.py,18621,Inventory only; full/partial reading is recorded in the four audit reports
scripts,scripts/verify_composer_menus.cjs,5454,Inventory only; full/partial reading is recorded in the four audit reports
scripts,scripts/verify_context_cu_native.py,4115,Inventory only; full/partial reading is recorded in the four audit reports
scripts,scripts/verify_context_usage.cjs,7570,Inventory only; full/partial reading is recorded in the four audit reports
scripts,scripts/verify_first_run_onboarding.py,12355,Inventory only; full/partial reading is recorded in the four audit reports
scripts,scripts/verify_gesture_activation_visual.py,18877,Inventory only; full/partial reading is recorded in the four audit reports
scripts,scripts/verify_live_sweep_visual.py,4465,Inventory only; full/partial reading is recorded in the four audit reports
scripts,scripts/verify_marked_line_answer.py,5998,Inventory only; full/partial reading is recorded in the four audit reports
scripts,scripts/verify_model_menu.cjs,8984,Inventory only; full/partial reading is recorded in the four audit reports
scripts,scripts/verify_n19_voice_triggers_desktop.py,21750,Inventory only; full/partial reading is recorded in the four audit reports
scripts,scripts/verify_n20_resident_desktop.py,21255,Inventory only; full/partial reading is recorded in the four audit reports
scripts,scripts/verify_selection_runtime.cjs,2700,Inventory only; full/partial reading is recorded in the four audit reports
scripts,scripts/verify_selection_transcript.js,6197,Inventory only; full/partial reading is recorded in the four audit reports
scripts,scripts/verify_selection_vision.py,2628,Inventory only; full/partial reading is recorded in the four audit reports
scripts,scripts/verify_stage_selection_visual.py,22352,Inventory only; full/partial reading is recorded in the four audit reports
scripts,scripts/verify_windows_installer.ps1,9078,Inventory only; full/partial reading is recorded in the four audit reports
scripts,scripts/verify_windows_package.ps1,13461,Inventory only; full/partial reading is recorded in the four audit reports
scripts,scripts/voice_engine.py,6329,Inventory only; full/partial reading is recorded in the four audit reports
scripts,scripts/wgc_capture_tool.cs,5347,Inventory only; full/partial reading is recorded in the four audit reports
tests,tests/action_broker_durable_test.py,3530,Inventory only; full/partial reading is recorded in the four audit reports
tests,tests/action_executor_governance_test.py,1268,Inventory only; full/partial reading is recorded in the four audit reports
tests,tests/action_executor_undo_integration_test.py,2045,Inventory only; full/partial reading is recorded in the four audit reports
tests,tests/action_guard_approval_test.py,15934,Inventory only; full/partial reading is recorded in the four audit reports
tests,tests/action_guard_egress_test.py,12444,Inventory only; full/partial reading is recorded in the four audit reports
tests,tests/action_guard_preconditions_test.py,8492,Inventory only; full/partial reading is recorded in the four audit reports
tests,tests/action_guard_undo_test.py,7792,Inventory only; full/partial reading is recorded in the four audit reports
tests,tests/activation_gate_test.js,2086,Inventory only; full/partial reading is recorded in the four audit reports
tests,tests/agent_cursor_channel_test.py,8683,Inventory only; full/partial reading is recorded in the four audit reports
tests,tests/agent_cursor_display_test.py,8843,Inventory only; full/partial reading is recorded in the four audit reports
tests,tests/agent_cursor_model_test.py,25675,Inventory only; full/partial reading is recorded in the four audit reports
tests,tests/agent_cursor_policy_test.ts,13358,Inventory only; full/partial reading is recorded in the four audit reports
tests,tests/agent_cursor_surface_idle_test.js,2113,Inventory only; full/partial reading is recorded in the four audit reports
tests,tests/agent_runtime_ai_backend_test.py,21490,Inventory only; full/partial reading is recorded in the four audit reports
tests,tests/agent_runtime_effort_test.py,942,Inventory only; full/partial reading is recorded in the four audit reports
tests,tests/agent_runtime_fabric_integration_test.py,27736,Inventory only; full/partial reading is recorded in the four audit reports
tests,tests/agent_runtime_inbox_test.py,7428,Inventory only; full/partial reading is recorded in the four audit reports
tests,tests/agent_runtime_local_model_test.py,2910,Inventory only; full/partial reading is recorded in the four audit reports
tests,tests/agent_runtime_look_tool_test.py,10605,Inventory only; full/partial reading is recorded in the four audit reports
tests,tests/agent_runtime_loop_test.py,119618,Inventory only; full/partial reading is recorded in the four audit reports
tests,tests/agent_runtime_mcp_provider_test.py,6995,Inventory only; full/partial reading is recorded in the four audit reports
tests,tests/agent_runtime_origin_isolation_test.py,19734,Inventory only; full/partial reading is recorded in the four audit reports
tests,tests/agent_runtime_perception_tools_test.py,13880,Inventory only; full/partial reading is recorded in the four audit reports
tests,tests/agent_runtime_replay_cleanup_test.py,4934,Inventory only; full/partial reading is recorded in the four audit reports
tests,tests/agent_runtime_run_kernel_test.py,21453,Inventory only; full/partial reading is recorded in the four audit reports
tests,tests/agent_runtime_session_id_test.py,724,Inventory only; full/partial reading is recorded in the four audit reports
tests,tests/agent_runtime_session_test.py,30465,Inventory only; full/partial reading is recorded in the four audit reports
tests,tests/agent_runtime_todo_store_test.py,3371,Inventory only; full/partial reading is recorded in the four audit reports
tests,tests/agent_runtime_token_estimate_test.py,8487,Inventory only; full/partial reading is recorded in the four audit reports
tests,tests/agent_runtime_tool_guardrails_test.py,4783,Inventory only; full/partial reading is recorded in the four audit reports
tests,tests/agent_runtime_tool_registry_test.py,24553,Inventory only; full/partial reading is recorded in the four audit reports
tests,tests/agent_runtime_tool_scheduler_test.py,7031,Inventory only; full/partial reading is recorded in the four audit reports
tests,tests/agent_session_bridge_test.py,6796,Inventory only; full/partial reading is recorded in the four audit reports
tests,tests/agent_session_id_test.js,1396,Inventory only; full/partial reading is recorded in the four audit reports
tests,tests/agent_task_supervision_test.py,4401,Inventory only; full/partial reading is recorded in the four audit reports
tests,tests/ai_client_messages_mode_test.py,7803,Inventory only; full/partial reading is recorded in the four audit reports
tests,tests/ai_client_request_config_test.py,10061,Inventory only; full/partial reading is recorded in the four audit reports
tests,tests/ai_client_thinking_test.py,7889,Inventory only; full/partial reading is recorded in the four audit reports
tests,tests/anchor_model_test.py,8939,Inventory only; full/partial reading is recorded in the four audit reports
tests,tests/anchor_resolution_test.py,13942,Inventory only; full/partial reading is recorded in the four audit reports
tests,tests/answer_shape_policy_test.ts,6359,Inventory only; full/partial reading is recorded in the four audit reports
tests,tests/append_log_test.ts,6701,Inventory only; full/partial reading is recorded in the four audit reports
tests,tests/apply_patch_locate_test.py,4611,Inventory only; full/partial reading is recorded in the four audit reports
tests,tests/apply_patch_multi_test.py,3689,Inventory only; full/partial reading is recorded in the four audit reports
tests,tests/artifact_bridge_test.py,11684,Inventory only; full/partial reading is recorded in the four audit reports
tests,tests/artifact_editor_test.ts,4720,Inventory only; full/partial reading is recorded in the four audit reports
tests,tests/artifact_registry_provenance_test.py,1237,Inventory only; full/partial reading is recorded in the four audit reports
tests,tests/artifact_runtime_test.ts,2176,Inventory only; full/partial reading is recorded in the four audit reports
tests,tests/background_learning_test.py,5444,Inventory only; full/partial reading is recorded in the four audit reports
tests,tests/background_learning_wiring_test.ts,1551,Inventory only; full/partial reading is recorded in the four audit reports
tests,tests/background_task_card_test.js,4740,Inventory only; full/partial reading is recorded in the four audit reports
tests,tests/batch3_integration_test.py,4967,Inventory only; full/partial reading is recorded in the four audit reports
tests,tests/batch_b6_test.py,7848,Inventory only; full/partial reading is recorded in the four audit reports
tests,tests/bootstrap_runner_async_test.js,1878,Inventory only; full/partial reading is recorded in the four audit reports
tests,tests/bootstrap_runner_test.js,2279,Inventory only; full/partial reading is recorded in the four audit reports
tests,tests/bridge_progress_lines_test.js,3571,Inventory only; full/partial reading is recorded in the four audit reports
tests,tests/bridge_stream_chunks_test.py,5987,Inventory only; full/partial reading is recorded in the four audit reports
tests,tests/browser_context_reader_test.py,5653,Inventory only; full/partial reading is recorded in the four audit reports
tests,tests/browser_view_policy_test.js,1297,Inventory only; full/partial reading is recorded in the four audit reports
tests,tests/cancellation_test.py,10165,Inventory only; full/partial reading is recorded in the four audit reports
tests,tests/capture_blank_test.py,2957,Inventory only; full/partial reading is recorded in the four audit reports
tests,tests/capture_commit_coordinator_test.ts,10970,Inventory only; full/partial reading is recorded in the four audit reports
tests,tests/capture_proof_policy_test.ts,4772,Inventory only; full/partial reading is recorded in the four audit reports
tests,tests/capture_proof_wiring_test.ts,2435,Inventory only; full/partial reading is recorded in the four audit reports
tests,tests/capture_provider_test.py,2262,Inventory only; full/partial reading is recorded in the four audit reports
tests,tests/capture_stage_fixture_test.js,576,Inventory only; full/partial reading is recorded in the four audit reports
tests,tests/card_render_test.js,19925,Inventory only; full/partial reading is recorded in the four audit reports
tests,tests/cards_contract_test.js,6886,Inventory only; full/partial reading is recorded in the four audit reports
tests,tests/cds_icons_test.js,4000,Inventory only; full/partial reading is recorded in the four audit reports
tests,tests/chat_local_files_test.py,6476,Inventory only; full/partial reading is recorded in the four audit reports
tests,tests/chat_pagination_audit_test.py,3461,Inventory only; full/partial reading is recorded in the four audit reports
tests,tests/chat_reader_test.py,7408,Inventory only; full/partial reading is recorded in the four audit reports
tests,tests/clarification_chips_test.ts,3245,Inventory only; full/partial reading is recorded in the four audit reports
tests,tests/claude_marks_test.js,3889,Inventory only; full/partial reading is recorded in the four audit reports
tests,tests/claude_reference_parity_test.js,3465,Inventory only; full/partial reading is recorded in the four audit reports
tests,tests/coding_edit_intelligence_test.py,15328,Inventory only; full/partial reading is recorded in the four audit reports
tests,tests/coding_tools_test.py,17928,Inventory only; full/partial reading is recorded in the four audit reports
tests,tests/compaction_ground_truth_test.py,2444,Inventory only; full/partial reading is recorded in the four audit reports
tests,tests/compaction_model_free_test.py,5171,Inventory only; full/partial reading is recorded in the four audit reports
tests,tests/compaction_prompt_test.py,1750,Inventory only; full/partial reading is recorded in the four audit reports
tests,tests/composer_surface_test.js,13379,Inventory only; full/partial reading is recorded in the four audit reports
tests,tests/composer_worktree_selection_test.js,3151,Inventory only; full/partial reading is recorded in the four audit reports
tests,tests/computer_motion_test.py,6114,Inventory only; full/partial reading is recorded in the four audit reports
tests,tests/computer_operator_driver_approach_test.py,19868,Inventory only; full/partial reading is recorded in the four audit reports
tests,tests/computer_operator_driver_motion_test.py,6735,Inventory only; full/partial reading is recorded in the four audit reports
tests,tests/computer_operator_test.py,15361,Inventory only; full/partial reading is recorded in the four audit reports
tests,tests/computer_task_service_test.py,3747,Inventory only; full/partial reading is recorded in the four audit reports
tests,tests/context_pdf_text_view_test.py,3173,Inventory only; full/partial reading is recorded in the four audit reports
tests,tests/context_tools_test.py,10027,Inventory only; full/partial reading is recorded in the four audit reports
tests,tests/context_trackers_ipc_test.ts,2221,Inventory only; full/partial reading is recorded in the four audit reports
tests,tests/context_trackers_test.ts,11718,Inventory only; full/partial reading is recorded in the four audit reports
tests,tests/context_usage_regression_test.py,5310,Inventory only; full/partial reading is recorded in the four audit reports
tests,tests/context_usage_restore_test.py,1640,Inventory only; full/partial reading is recorded in the four audit reports
tests,tests/context_usage_stream_test.js,3109,Inventory only; full/partial reading is recorded in the four audit reports
tests,tests/continuous_gesture_episode_contract_test.js,1000,Inventory only; full/partial reading is recorded in the four audit reports
tests,tests/conversation_branch_test.js,2141,Inventory only; full/partial reading is recorded in the four audit reports
tests,tests/conversation_bridge_test.py,65876,Inventory only; full/partial reading is recorded in the four audit reports
tests,tests/conversation_control_test.ts,9341,Inventory only; full/partial reading is recorded in the four audit reports
tests,tests/conversation_error_test.js,803,Inventory only; full/partial reading is recorded in the four audit reports
tests,tests/conversation_persistence_audit_test.ts,8093,Inventory only; full/partial reading is recorded in the four audit reports
tests,tests/conversation_session_identity_test.js,2691,Inventory only; full/partial reading is recorded in the four audit reports
tests,tests/conversation_startup_recovery_test.ts,4492,Inventory only; full/partial reading is recorded in the four audit reports
tests,tests/conversation_store_deferred_persist_test.ts,5567,Inventory only; full/partial reading is recorded in the four audit reports
tests,tests/conversation_store_incremental_persist_test.ts,9584,Inventory only; full/partial reading is recorded in the four audit reports
tests,tests/conversation_store_lifecycle_test.ts,3515,Inventory only; full/partial reading is recorded in the four audit reports
tests,tests/conversation_store_test.js,23488,Inventory only; full/partial reading is recorded in the four audit reports
tests,tests/conversation_stream_progress_test.py,7878,Inventory only; full/partial reading is recorded in the four audit reports
tests,tests/conversation_workspace_policy_test.ts,1152,Inventory only; full/partial reading is recorded in the four audit reports
tests,tests/coordinate_space_canonical_test.ts,8248,Inventory only; full/partial reading is recorded in the four audit reports
tests,tests/coordinate_space_test.ts,9631,Inventory only; full/partial reading is recorded in the four audit reports
tests,tests/credential_store_test.js,2191,Inventory only; full/partial reading is recorded in the four audit reports
tests,tests/cu_successor_observation_test.py,2293,Inventory only; full/partial reading is recorded in the four audit reports
tests,tests/daily_wrap_test.py,3982,Inventory only; full/partial reading is recorded in the four audit reports
tests,tests/degenerate_turn_recovery_test.py,9436,Inventory only; full/partial reading is recorded in the four audit reports
tests,tests/desktop_action_tools_test.py,25216,Inventory only; full/partial reading is recorded in the four audit reports
tests,tests/desktop_action_uia_test.py,8198,Inventory only; full/partial reading is recorded in the four audit reports
tests,tests/desktop_lifecycle_test.js,2511,Inventory only; full/partial reading is recorded in the four audit reports
tests,tests/diagnostics_collection_test.js,2102,Inventory only; full/partial reading is recorded in the four audit reports
tests,tests/dictation_correction_policy_test.js,4444,Inventory only; full/partial reading is recorded in the four audit reports
tests,tests/dictation_static_test.js,2601,Inventory only; full/partial reading is recorded in the four audit reports
tests,tests/document_patch_test.py,6239,Inventory only; full/partial reading is recorded in the four audit reports
tests,tests/document_reader_reuse_test.py,2629,Inventory only; full/partial reading is recorded in the four audit reports
tests,tests/document_reader_test.py,20499,Inventory only; full/partial reading is recorded in the four audit reports
tests,tests/draft_artifact_test.py,11264,Inventory only; full/partial reading is recorded in the four audit reports
tests,tests/draft_delivery_revision_test.py,3090,Inventory only; full/partial reading is recorded in the four audit reports
tests,tests/dsh_highlight_test.js,16553,Inventory only; full/partial reading is recorded in the four audit reports
tests,tests/dsh_live_turn_test.js,9235,Inventory only; full/partial reading is recorded in the four audit reports
tests,tests/durable_cancel_latch_test.py,2970,Inventory only; full/partial reading is recorded in the four audit reports
tests,tests/effort_levels_render_test.ts,1047,Inventory only; full/partial reading is recorded in the four audit reports
tests,tests/electron_builder_runtime_test.js,1996,Inventory only; full/partial reading is recorded in the four audit reports
tests,tests/electron_only_runtime_test.js,2225,Inventory only; full/partial reading is recorded in the four audit reports
tests,tests/element_ghost_policy_test.ts,2335,Inventory only; full/partial reading is recorded in the four audit reports
tests,tests/element_handles_test.py,7351,Inventory only; full/partial reading is recorded in the four audit reports
tests,tests/evidence_binding_test.py,4324,Inventory only; full/partial reading is recorded in the four audit reports
tests,tests/evidence_contract_test.py,14866,Inventory only; full/partial reading is recorded in the four audit reports
tests,tests/evidence_tool_result_test.py,1955,Inventory only; full/partial reading is recorded in the four audit reports
tests,tests/extensions_inventory_ipc_test.ts,1485,Inventory only; full/partial reading is recorded in the four audit reports
tests,tests/extensions_inventory_test.py,5087,Inventory only; full/partial reading is recorded in the four audit reports
tests,tests/fabric_bridge_wiring_static_test.js,1593,Inventory only; full/partial reading is recorded in the four audit reports
tests,tests/fabric_engine_test.py,50455,Inventory only; full/partial reading is recorded in the four audit reports
tests,tests/fabric_model_plan_integration_test.py,6612,Inventory only; full/partial reading is recorded in the four audit reports
tests,tests/fabric_panel_static_test.js,1444,Inventory only; full/partial reading is recorded in the four audit reports
tests,tests/fabric_recipe_catalog_test.py,2738,Inventory only; full/partial reading is recorded in the four audit reports
tests,tests/fabric_router_test.py,2325,Inventory only; full/partial reading is recorded in the four audit reports
tests,tests/fabric_runtime_workspace_static_test.js,846,Inventory only; full/partial reading is recorded in the four audit reports
tests,tests/fabric_target_lease_test.py,8672,Inventory only; full/partial reading is recorded in the four audit reports
tests,tests/figma_adapter_test.py,11833,Inventory only; full/partial reading is recorded in the four audit reports
tests,tests/figma_bridge_test.ts,6848,Inventory only; full/partial reading is recorded in the four audit reports
tests,tests/figma_build_contract_test.ts,1079,Inventory only; full/partial reading is recorded in the four audit reports
tests,tests/figma_main_wiring_test.ts,1536,Inventory only; full/partial reading is recorded in the four audit reports
tests,tests/figma_patch_test.ts,5844,Inventory only; full/partial reading is recorded in the four audit reports
tests,tests/figma_runtime_test.ts,3099,Inventory only; full/partial reading is recorded in the four audit reports
tests,tests/first_run_onboarding_desktop_verifier_static_test.js,755,Inventory only; full/partial reading is recorded in the four audit reports
tests,tests/first_run_onboarding_test.js,988,Inventory only; full/partial reading is recorded in the four audit reports
tests,tests/fixtures/browser_devtools_issue.html,1908,Inventory only; full/partial reading is recorded in the four audit reports
tests,tests/fixtures/chat/two_page_conversation.json,2543,Inventory only; full/partial reading is recorded in the four audit reports
tests,tests/fixtures/frame-lease-v1.json,679,Inventory only; full/partial reading is recorded in the four audit reports
tests,tests/fixtures/live_sweep_visual.html,3460,Inventory only; full/partial reading is recorded in the four audit reports
tests,tests/fixtures/model-profile-settings-v1.json,786,Inventory only; full/partial reading is recorded in the four audit reports
tests,tests/fixtures/selection_alignment.html,1128,Inventory only; full/partial reading is recorded in the four audit reports
tests,tests/fixtures/stage_sweep_visual.html,2385,Inventory only; full/partial reading is recorded in the four audit reports
tests,tests/fixtures/task_input/reference_correction.json,3865,Inventory only; full/partial reading is recorded in the four audit reports
tests,tests/fixtures/uia_selection.html,475,Inventory only; full/partial reading is recorded in the four audit reports
tests,tests/fixtures/uia_tree_cold_edge.txt,5621,Inventory only; full/partial reading is recorded in the four audit reports
tests,tests/fixtures/uia_tree_hot_edge.txt,87321,Inventory only; full/partial reading is recorded in the four audit reports
tests,tests/fixtures/uia_tree_warm_edge.txt,6536,Inventory only; full/partial reading is recorded in the four audit reports
tests,tests/fixtures/uia_tree_warm_tauri.txt,27150,Inventory only; full/partial reading is recorded in the four audit reports
tests,tests/fixtures/uia_tree_wechat_qt.txt,1221,Inventory only; full/partial reading is recorded in the four audit reports
tests,tests/frame_capture_worker_client_test.ts,8575,Inventory only; full/partial reading is recorded in the four audit reports
tests,tests/frame_capture_worker_test.py,15997,Inventory only; full/partial reading is recorded in the four audit reports
tests,tests/frame_lease_python_test.py,1677,Inventory only; full/partial reading is recorded in the four audit reports
tests,tests/frame_lease_selection_bridge_test.py,11595,Inventory only; full/partial reading is recorded in the four audit reports
tests,tests/frame_lease_test.ts,4227,Inventory only; full/partial reading is recorded in the four audit reports
tests,tests/fruitless_compaction_reset_test.py,4003,Inventory only; full/partial reading is recorded in the four audit reports
tests,tests/geometry_space_test.ts,6968,Inventory only; full/partial reading is recorded in the four audit reports
tests,tests/gesture_activation_integration_test.js,15220,Inventory only; full/partial reading is recorded in the four audit reports
tests,tests/gesture_capture_test.ts,9604,Inventory only; full/partial reading is recorded in the four audit reports
tests,tests/gesture_interaction_mode_contract_test.js,1769,Inventory only; full/partial reading is recorded in the four audit reports
tests,tests/gesture_region_selection_test.py,2748,Inventory only; full/partial reading is recorded in the four audit reports
tests,tests/gesture_runtime_settings_test.js,2095,Inventory only; full/partial reading is recorded in the four audit reports
tests,tests/grounding_geometry_integration_test.ts,1783,Inventory only; full/partial reading is recorded in the four audit reports
tests,tests/guide_flight_test.js,2313,Inventory only; full/partial reading is recorded in the four audit reports
tests,tests/harness_builtin_bundle_test.py,37167,Inventory only; full/partial reading is recorded in the four audit reports
tests,tests/harness_completion_test.py,17334,Inventory only; full/partial reading is recorded in the four audit reports
tests,tests/harness_composition_test.py,11593,Inventory only; full/partial reading is recorded in the four audit reports
tests,tests/harness_context_test.py,14146,Inventory only; full/partial reading is recorded in the four audit reports
tests,tests/harness_extensions_test.py,13204,Inventory only; full/partial reading is recorded in the four audit reports
tests,tests/harness_plugin_test.py,11867,Inventory only; full/partial reading is recorded in the four audit reports
tests,tests/harness_runtime_host_test.py,7791,Inventory only; full/partial reading is recorded in the four audit reports
tests,tests/harness_wiring_test.py,17008,Inventory only; full/partial reading is recorded in the four audit reports
tests,tests/history_context_budget_test.py,1666,Inventory only; full/partial reading is recorded in the four audit reports
tests,tests/input_artifact_test.py,23354,Inventory only; full/partial reading is recorded in the four audit reports
tests,tests/interaction_episode_test.js,11240,Inventory only; full/partial reading is recorded in the four audit reports
tests,tests/internal_action_policy_test.js,5958,Inventory only; full/partial reading is recorded in the four audit reports
tests,tests/ipc_surface_policy_test.js,1483,Inventory only; full/partial reading is recorded in the four audit reports
tests,tests/job_object_test.py,2664,Inventory only; full/partial reading is recorded in the four audit reports
tests,tests/knowledge_test.py,3057,Inventory only; full/partial reading is recorded in the four audit reports
tests,tests/latency_budget_test.py,8166,Inventory only; full/partial reading is recorded in the four audit reports
tests,tests/learning_candidates_bridge_test.py,2255,Inventory only; full/partial reading is recorded in the four audit reports
tests,tests/learning_candidates_wiring_test.js,810,Inventory only; full/partial reading is recorded in the four audit reports
tests,tests/live_observer_test.py,6069,Inventory only; full/partial reading is recorded in the four audit reports
tests,tests/local_voice_worker_test.py,24503,Inventory only; full/partial reading is recorded in the four audit reports
tests,tests/loop_answer_test.py,12371,Inventory only; full/partial reading is recorded in the four audit reports
tests,tests/mainline_security_regression_test.py,353,Inventory only; full/partial reading is recorded in the four audit reports
tests,tests/marked_read_test.py,4733,Inventory only; full/partial reading is recorded in the four audit reports
tests,tests/marked_read_wiring_test.py,15371,Inventory only; full/partial reading is recorded in the four audit reports
tests,tests/mcp_client_concurrency_test.py,3287,Inventory only; full/partial reading is recorded in the four audit reports
tests,tests/model_catalog_metadata_test.py,2506,Inventory only; full/partial reading is recorded in the four audit reports
tests,tests/model_cli_contract_test.js,1494,Inventory only; full/partial reading is recorded in the four audit reports
tests,tests/model_context_projection_test.py,4257,Inventory only; full/partial reading is recorded in the four audit reports
tests,tests/model_health_endpoint_test.py,7416,Inventory only; full/partial reading is recorded in the four audit reports
tests,tests/model_health_headless_bridge_static_test.js,422,Inventory only; full/partial reading is recorded in the four audit reports
tests,tests/model_profile_catalog_persistence_test.ts,1522,Inventory only; full/partial reading is recorded in the four audit reports
tests,tests/model_profile_persistence_test.py,3618,Inventory only; full/partial reading is recorded in the four audit reports
tests,tests/model_profiles_test.py,1915,Inventory only; full/partial reading is recorded in the four audit reports
tests,tests/model_provider_selection_test.ts,2691,Inventory only; full/partial reading is recorded in the four audit reports
tests,tests/model_reasoning_stream_test.py,16943,Inventory only; full/partial reading is recorded in the four audit reports
tests,tests/model_responses_runtime_test.py,9373,Inventory only; full/partial reading is recorded in the four audit reports
tests,tests/model_runtime_client_test.py,2087,Inventory only; full/partial reading is recorded in the four audit reports
tests,tests/model_runtime_config_test.ts,4147,Inventory only; full/partial reading is recorded in the four audit reports
tests,tests/model_runtime_wiring_test.js,1117,Inventory only; full/partial reading is recorded in the four audit reports
tests,tests/model_seat_contract_test.js,1863,Inventory only; full/partial reading is recorded in the four audit reports
tests,tests/model_selection_latency_test.js,1801,Inventory only; full/partial reading is recorded in the four audit reports
tests,tests/model_settings_fixture_test.js,826,Inventory only; full/partial reading is recorded in the four audit reports
tests,tests/models_catalog_test.py,7901,Inventory only; full/partial reading is recorded in the four audit reports
tests,tests/mouse_activation_test.js,1842,Inventory only; full/partial reading is recorded in the four audit reports
tests,tests/multi_stroke_chain_contract_test.js,6552,Inventory only; full/partial reading is recorded in the four audit reports
tests,tests/n19_voice_trigger_desktop_verifier_static_test.js,1233,Inventory only; full/partial reading is recorded in the four audit reports
tests,tests/n20_resident_desktop_verifier_static_test.js,1223,Inventory only; full/partial reading is recorded in the four audit reports
tests,tests/native_pointer_hook_contract_test.js,1870,Inventory only; full/partial reading is recorded in the four audit reports
tests,tests/next_prompt_test.py,3985,Inventory only; full/partial reading is recorded in the four audit reports
tests,tests/no_undefined_names_test.py,1301,Inventory only; full/partial reading is recorded in the four audit reports
tests,tests/node_test_runner_test.ts,1717,Inventory only; full/partial reading is recorded in the four audit reports
tests,tests/non_destination_recipe_test.py,2394,Inventory only; full/partial reading is recorded in the four audit reports
tests,tests/observability_event_log_rotation_test.js,4113,Inventory only; full/partial reading is recorded in the four audit reports
tests,tests/observability_test.js,2004,Inventory only; full/partial reading is recorded in the four audit reports
tests,tests/ocr_resident_worker_test.py,6198,Inventory only; full/partial reading is recorded in the four audit reports
tests,tests/office_document_actions_test.py,20817,Inventory only; full/partial reading is recorded in the four audit reports
tests,tests/office_scenarios_test.py,9547,Inventory only; full/partial reading is recorded in the four audit reports
tests,tests/onboarding_cancellation_test.js,1514,Inventory only; full/partial reading is recorded in the four audit reports
tests,tests/onboarding_readiness_test.js,1746,Inventory only; full/partial reading is recorded in the four audit reports
tests,tests/onboarding_surface_test.js,2570,Inventory only; full/partial reading is recorded in the four audit reports
tests,tests/output_token_escalation_test.py,6861,Inventory only; full/partial reading is recorded in the four audit reports
tests,tests/overlay_static_test.js,8829,Inventory only; full/partial reading is recorded in the four audit reports
tests,tests/packaged_user_data_static_test.js,1063,Inventory only; full/partial reading is recorded in the four audit reports
tests,tests/panel_static_test.js,1756,Inventory only; full/partial reading is recorded in the four audit reports
tests,tests/pass_through_gesture_test.js,4179,Inventory only; full/partial reading is recorded in the four audit reports
tests,tests/perception_broker_test.py,10262,Inventory only; full/partial reading is recorded in the four audit reports
tests,tests/perception_provider_fusion_test.py,16370,Inventory only; full/partial reading is recorded in the four audit reports
tests,tests/perception_two_stage_seam_test.py,10969,Inventory only; full/partial reading is recorded in the four audit reports
tests,tests/perception_visual_once_test.py,7487,Inventory only; full/partial reading is recorded in the four audit reports
tests,tests/permission_decisions_test.py,11088,Inventory only; full/partial reading is recorded in the four audit reports
tests,tests/permission_modes_test.py,1326,Inventory only; full/partial reading is recorded in the four audit reports
tests,tests/permission_presets_render_test.js,3230,Inventory only; full/partial reading is recorded in the four audit reports
tests,tests/permission_presets_test.py,4254,Inventory only; full/partial reading is recorded in the four audit reports
tests,tests/pi_computer_use_parity_test.py,6596,Inventory only; full/partial reading is recorded in the four audit reports
tests,tests/picked_element_wiring_test.js,4055,Inventory only; full/partial reading is recorded in the four audit reports
tests,tests/pixel_ocr_provider_test.py,9024,Inventory only; full/partial reading is recorded in the four audit reports
tests,tests/point_markers_wiring_test.js,4204,Inventory only; full/partial reading is recorded in the four audit reports
tests,tests/pointer_dismiss_policy_test.js,1321,Inventory only; full/partial reading is recorded in the four audit reports
tests,tests/pointer_polling_policy_test.js,2360,Inventory only; full/partial reading is recorded in the four audit reports
tests,tests/popover_position_test.ts,722,Inventory only; full/partial reading is recorded in the four audit reports
tests,tests/preflight_checks_async_test.js,2012,Inventory only; full/partial reading is recorded in the four audit reports
tests,tests/preflight_checks_test.js,3735,Inventory only; full/partial reading is recorded in the four audit reports
tests,tests/preload_signal_bridge_test.ts,3710,Inventory only; full/partial reading is recorded in the four audit reports
tests,tests/proactive_rules_test.js,4820,Inventory only; full/partial reading is recorded in the four audit reports
tests,tests/profile_workspace_test.ts,1425,Inventory only; full/partial reading is recorded in the four audit reports
tests,tests/project_environment_test.js,1901,Inventory only; full/partial reading is recorded in the four audit reports
tests,tests/project_inspector_test.js,1265,Inventory only; full/partial reading is recorded in the four audit reports
tests,tests/prompt_snapshot_test.py,7700,Inventory only; full/partial reading is recorded in the four audit reports
tests,tests/python_bridge_runner_test.js,5648,Inventory only; full/partial reading is recorded in the four audit reports
tests,tests/python_runtime_document_smoke_test.py,452,Inventory only; full/partial reading is recorded in the four audit reports
tests,tests/python_runtime_isolation_test.js,1471,Inventory only; full/partial reading is recorded in the four audit reports
tests,tests/python_runtime_prepare_contract_test.js,7533,Inventory only; full/partial reading is recorded in the four audit reports
tests,tests/python_runtime_test.js,3484,Inventory only; full/partial reading is recorded in the four audit reports
tests,tests/quota_probe_test.js,9253,Inventory only; full/partial reading is recorded in the four audit reports
tests,tests/real_scenario_harness_test.py,4148,Inventory only; full/partial reading is recorded in the four audit reports
tests,tests/receipt_stop_test.py,4585,Inventory only; full/partial reading is recorded in the four audit reports
tests,tests/recovery_alias_test.py,3278,Inventory only; full/partial reading is recorded in the four audit reports
tests,tests/release_workflow_contract_test.js,1715,Inventory only; full/partial reading is recorded in the four audit reports
tests,tests/renderer_readiness_test.js,1029,Inventory only; full/partial reading is recorded in the four audit reports
tests,tests/replay_perception_replay_test.py,3913,Inventory only; full/partial reading is recorded in the four audit reports
tests,tests/replay_recorder_test.py,7824,Inventory only; full/partial reading is recorded in the four audit reports
tests,tests/replay_replayer_test.py,6967,Inventory only; full/partial reading is recorded in the four audit reports
tests,tests/replay_trace_schema_test.py,6051,Inventory only; full/partial reading is recorded in the four audit reports
tests,tests/result_surface_policy_test.js,7459,Inventory only; full/partial reading is recorded in the four audit reports
tests,tests/route_policy_test.js,1056,Inventory only; full/partial reading is recorded in the four audit reports
tests,tests/runtime_issue_hotkeys_test.js,3232,Inventory only; full/partial reading is recorded in the four audit reports
tests,tests/runtime_paths_test.js,381,Inventory only; full/partial reading is recorded in the four audit reports
tests,tests/runtime_snapshot_test.js,2800,Inventory only; full/partial reading is recorded in the four audit reports
tests,tests/screen_memory_test.py,2517,Inventory only; full/partial reading is recorded in the four audit reports
tests,tests/security_hardening_test.js,4737,Inventory only; full/partial reading is recorded in the four audit reports
tests,tests/selection_bridge_test.py,85999,Inventory only; full/partial reading is recorded in the four audit reports
tests,tests/selection_initial_evidence_test.py,3821,Inventory only; full/partial reading is recorded in the four audit reports
tests,tests/selection_live_progress_test.ts,6157,Inventory only; full/partial reading is recorded in the four audit reports
tests,tests/selection_materials_test.py,6531,Inventory only; full/partial reading is recorded in the four audit reports
tests,tests/selection_payload_test.py,1456,Inventory only; full/partial reading is recorded in the four audit reports
tests,tests/selection_session_test.js,8096,Inventory only; full/partial reading is recorded in the four audit reports
tests,tests/selection_snapshot_bridge_test.py,64640,Inventory only; full/partial reading is recorded in the four audit reports
tests,tests/selection_stop_test.ts,1881,Inventory only; full/partial reading is recorded in the four audit reports
tests,tests/selection_stretch_wiring_test.js,3326,Inventory only; full/partial reading is recorded in the four audit reports
tests,tests/selection_task_lifecycle_test.ts,3312,Inventory only; full/partial reading is recorded in the four audit reports
tests,tests/selection_visual_contract_test.js,5357,Inventory only; full/partial reading is recorded in the four audit reports
tests,tests/selection_worker_client_test.js,4217,Inventory only; full/partial reading is recorded in the four audit reports
tests,tests/selection_worker_test.py,1588,Inventory only; full/partial reading is recorded in the four audit reports
tests,tests/self_evolution_test.py,9805,Inventory only; full/partial reading is recorded in the four audit reports
tests,tests/session_fork_context_test.py,5295,Inventory only; full/partial reading is recorded in the four audit reports
tests,tests/session_timeline_test.js,6420,Inventory only; full/partial reading is recorded in the four audit reports
tests,tests/session_worktree_test.js,3115,Inventory only; full/partial reading is recorded in the four audit reports
tests,tests/settings_deep_merge_test.py,2542,Inventory only; full/partial reading is recorded in the four audit reports
tests,tests/settings_save_contract_test.ts,2195,Inventory only; full/partial reading is recorded in the four audit reports
tests,tests/settings_store_test.js,9708,Inventory only; full/partial reading is recorded in the four audit reports
tests,tests/settings_surface_contract_test.js,3669,Inventory only; full/partial reading is recorded in the four audit reports
tests,tests/settings_ui_model_test.ts,4449,Inventory only; full/partial reading is recorded in the four audit reports
tests,tests/shell_infrastructure_test.py,7938,Inventory only; full/partial reading is recorded in the four audit reports
tests,tests/sidebar_groups_test.js,3063,Inventory only; full/partial reading is recorded in the four audit reports
tests,tests/single_instance_startup_test.js,542,Inventory only; full/partial reading is recorded in the four audit reports
tests,tests/skill_catalog_test.py,5318,Inventory only; full/partial reading is recorded in the four audit reports
tests,tests/skill_usage_test.py,3482,Inventory only; full/partial reading is recorded in the four audit reports
tests,tests/slash_menu_contract_test.js,2495,Inventory only; full/partial reading is recorded in the four audit reports
tests,tests/slash_trigger_test.ts,1085,Inventory only; full/partial reading is recorded in the four audit reports
tests,tests/smoke_test.py,1565,Inventory only; full/partial reading is recorded in the four audit reports
tests,tests/source_reader_audit_test.py,6793,Inventory only; full/partial reading is recorded in the four audit reports
tests,tests/stage_agent_prompt_static_test.js,3245,Inventory only; full/partial reading is recorded in the four audit reports
tests,tests/stage_anchor_test.ts,5745,Inventory only; full/partial reading is recorded in the four audit reports
tests,tests/stage_browser_script_namespace_test.ts,2381,Inventory only; full/partial reading is recorded in the four audit reports
tests,tests/stage_chips_policy_test.ts,4604,Inventory only; full/partial reading is recorded in the four audit reports
tests,tests/stage_contract_test.js,8576,Inventory only; full/partial reading is recorded in the four audit reports
tests,tests/stage_delivery_ready_test.js,973,Inventory only; full/partial reading is recorded in the four audit reports
tests,tests/stage_display_static_test.js,1905,Inventory only; full/partial reading is recorded in the four audit reports
tests,tests/stage_fixed_surface_contract_test.js,4207,Inventory only; full/partial reading is recorded in the four audit reports
tests,tests/stage_hit_policy_test.ts,4323,Inventory only; full/partial reading is recorded in the four audit reports
tests,tests/stage_hit_region_transition_test.js,1088,Inventory only; full/partial reading is recorded in the four audit reports
tests,tests/stage_hit_test_capture_test.js,2557,Inventory only; full/partial reading is recorded in the four audit reports
tests,tests/stage_insert_result_text_test.js,3496,Inventory only; full/partial reading is recorded in the four audit reports
tests,tests/stage_live_progress_test.js,3199,Inventory only; full/partial reading is recorded in the four audit reports
tests,tests/stage_material_sources_test.js,2234,Inventory only; full/partial reading is recorded in the four audit reports
tests,tests/stage_native_hit_region_test.js,1868,Inventory only; full/partial reading is recorded in the four audit reports
tests,tests/stage_observer_handoff_test.js,643,Inventory only; full/partial reading is recorded in the four audit reports
tests,tests/stage_pick_policy_test.ts,4178,Inventory only; full/partial reading is recorded in the four audit reports
tests,tests/stage_result_history_test.ts,1639,Inventory only; full/partial reading is recorded in the four audit reports
tests,tests/stage_shape_scaling_test.js,1066,Inventory only; full/partial reading is recorded in the four audit reports
tests,tests/stage_state_test.ts,13835,Inventory only; full/partial reading is recorded in the four audit reports
tests,tests/stage_static_test.js,11980,Inventory only; full/partial reading is recorded in the four audit reports
tests,tests/stage_steer_static_test.js,1278,Inventory only; full/partial reading is recorded in the four audit reports
tests,tests/stage_stretch_policy_test.ts,4968,Inventory only; full/partial reading is recorded in the four audit reports
tests,tests/stage_stroke_refs_static_test.js,1744,Inventory only; full/partial reading is recorded in the four audit reports
tests,tests/stage_surface_policy_test.ts,2023,Inventory only; full/partial reading is recorded in the four audit reports
tests,tests/stage_turn_stream_test.ts,8089,Inventory only; full/partial reading is recorded in the four audit reports
tests,tests/stage_vida_card_test.js,3342,Inventory only; full/partial reading is recorded in the four audit reports
tests,tests/stash_clipboard_change_detector_test.js,5347,Inventory only; full/partial reading is recorded in the four audit reports
tests,tests/stash_management_contract_test.js,1345,Inventory only; full/partial reading is recorded in the four audit reports
tests,tests/stash_runtime_test.js,10786,Inventory only; full/partial reading is recorded in the four audit reports
tests,tests/stash_store_test.js,13061,Inventory only; full/partial reading is recorded in the four audit reports
tests,tests/studio_artifacts_contract_test.js,7700,Inventory only; full/partial reading is recorded in the four audit reports
tests,tests/studio_bento_contract_test.js,1974,Inventory only; full/partial reading is recorded in the four audit reports
tests,tests/studio_claude_fidelity_contract_test.js,5966,Inventory only; full/partial reading is recorded in the four audit reports
tests,tests/studio_claude_reference_workstate_test.js,5540,Inventory only; full/partial reading is recorded in the four audit reports
tests,tests/studio_codex_chrome_contract_test.js,4834,Inventory only; full/partial reading is recorded in the four audit reports
tests,tests/studio_codex_shell_interaction_test.js,3153,Inventory only; full/partial reading is recorded in the four audit reports
tests,tests/studio_composer_contract_test.js,6455,Inventory only; full/partial reading is recorded in the four audit reports
tests,tests/studio_composer_editable_suggestion_test.js,4304,Inventory only; full/partial reading is recorded in the four audit reports
tests,tests/studio_composer_states_test.js,8583,Inventory only; full/partial reading is recorded in the four audit reports
tests,tests/studio_dsh_chat_contract_test.js,27732,Inventory only; full/partial reading is recorded in the four audit reports
tests,tests/studio_external_turn_refresh_test.js,4221,Inventory only; full/partial reading is recorded in the four audit reports
tests,tests/studio_failure_persistence_test.js,2916,Inventory only; full/partial reading is recorded in the four audit reports
tests,tests/studio_file_tree_contract_test.js,3699,Inventory only; full/partial reading is recorded in the four audit reports
tests,tests/studio_home_render_test.ts,4331,Inventory only; full/partial reading is recorded in the four audit reports
tests,tests/studio_home_stats_test.ts,3830,Inventory only; full/partial reading is recorded in the four audit reports
tests,tests/studio_home_stats_wiring_test.js,998,Inventory only; full/partial reading is recorded in the four audit reports
tests,tests/studio_icon_system_test.js,4937,Inventory only; full/partial reading is recorded in the four audit reports
tests,tests/studio_inspector_state_test.ts,2806,Inventory only; full/partial reading is recorded in the four audit reports
tests,tests/studio_interaction_probe_test.js,3506,Inventory only; full/partial reading is recorded in the four audit reports
tests,tests/studio_libraries_test.js,8680,Inventory only; full/partial reading is recorded in the four audit reports
tests,tests/studio_live_status_contract_test.js,2276,Inventory only; full/partial reading is recorded in the four audit reports
tests,tests/studio_markdown_render_test.js,4706,Inventory only; full/partial reading is recorded in the four audit reports
tests,tests/studio_model_pins_test.js,3146,Inventory only; full/partial reading is recorded in the four audit reports
tests,tests/studio_navigation_interaction_test.js,6240,Inventory only; full/partial reading is recorded in the four audit reports
tests,tests/studio_plan_checkbox_contract_test.js,1393,Inventory only; full/partial reading is recorded in the four audit reports
tests,tests/studio_plugin_directory_contract_test.js,1099,Inventory only; full/partial reading is recorded in the four audit reports
tests,tests/studio_project_gate_contract_test.js,2944,Inventory only; full/partial reading is recorded in the four audit reports
tests,tests/studio_render_probe_contract_test.js,6308,Inventory only; full/partial reading is recorded in the four audit reports
tests,tests/studio_search_test.ts,1193,Inventory only; full/partial reading is recorded in the four audit reports
tests,tests/studio_shell_test.ts,1189,Inventory only; full/partial reading is recorded in the four audit reports
tests,tests/studio_subagent_projection_test.ts,3305,Inventory only; full/partial reading is recorded in the four audit reports
tests,tests/studio_sv_icons_test.js,2088,Inventory only; full/partial reading is recorded in the four audit reports
tests,tests/studio_trajectory_test.js,4057,Inventory only; full/partial reading is recorded in the four audit reports
tests,tests/studio_update_card_contract_test.js,2306,Inventory only; full/partial reading is recorded in the four audit reports
tests,tests/studio_usage_meter_test.js,8314,Inventory only; full/partial reading is recorded in the four audit reports
tests,tests/subagent_progress_test.py,3655,Inventory only; full/partial reading is recorded in the four audit reports
tests,tests/submit_gating_policy_test.js,3879,Inventory only; full/partial reading is recorded in the four audit reports
tests,tests/surface_adapter_test.py,13454,Inventory only; full/partial reading is recorded in the four audit reports
tests,tests/sweep_visual_incremental_test.js,11418,Inventory only; full/partial reading is recorded in the four audit reports
tests,tests/sweep_visual_test.js,3257,Inventory only; full/partial reading is recorded in the four audit reports
tests,tests/sync_install_contract_test.js,1478,Inventory only; full/partial reading is recorded in the four audit reports
tests,tests/system_context_test.py,618,Inventory only; full/partial reading is recorded in the four audit reports
tests,tests/tail_prune_token_test.py,2208,Inventory only; full/partial reading is recorded in the four audit reports
tests,tests/task_context_resume_test.py,17527,Inventory only; full/partial reading is recorded in the four audit reports
tests,tests/task_input_transport_test.ts,2725,Inventory only; full/partial reading is recorded in the four audit reports
tests,tests/task_source_scope_test.py,7618,Inventory only; full/partial reading is recorded in the four audit reports
tests,tests/task_sources_test.py,4088,Inventory only; full/partial reading is recorded in the four audit reports
tests,tests/task_sources_test.ts,5126,Inventory only; full/partial reading is recorded in the four audit reports
tests,tests/task_watcher_test.js,11209,Inventory only; full/partial reading is recorded in the four audit reports
tests,tests/temporary_surface_dismiss_static_test.js,1419,Inventory only; full/partial reading is recorded in the four audit reports
tests,tests/terminal_structured_read_test.py,3676,Inventory only; full/partial reading is recorded in the four audit reports
tests,tests/test_hooks_isolation_static_test.js,1667,Inventory only; full/partial reading is recorded in the four audit reports
tests,tests/tool_activity_line_test.js,3152,Inventory only; full/partial reading is recorded in the four audit reports
tests,tests/tool_effect_per_call_test.py,4761,Inventory only; full/partial reading is recorded in the four audit reports
tests,tests/tool_loading_test.py,6988,Inventory only; full/partial reading is recorded in the four audit reports
tests,tests/tool_rename_test.py,4003,Inventory only; full/partial reading is recorded in the four audit reports
tests,tests/tool_result_persistence_test.py,6175,Inventory only; full/partial reading is recorded in the four audit reports
tests,tests/tool_surface_layering_test.py,4984,Inventory only; full/partial reading is recorded in the four audit reports
tests,tests/turn_tool_budget_test.py,4892,Inventory only; full/partial reading is recorded in the four audit reports
tests,tests/turn_verification_test.py,9929,Inventory only; full/partial reading is recorded in the four audit reports
tests,tests/typescript_build_contract_test.ts,3275,Inventory only; full/partial reading is recorded in the four audit reports
tests,tests/ui_tars_agent_test.py,9530,Inventory only; full/partial reading is recorded in the four audit reports
tests,tests/uia_cold_tree_test.py,12781,Inventory only; full/partial reading is recorded in the four audit reports
tests,tests/uia_host_client_test.py,4641,Inventory only; full/partial reading is recorded in the four audit reports
tests,tests/uia_pointer_selection_contract_test.py,2432,Inventory only; full/partial reading is recorded in the four audit reports
tests,tests/uia_probe_budget_test.py,5719,Inventory only; full/partial reading is recorded in the four audit reports
tests,tests/uia_snapshot_value_test.py,1156,Inventory only; full/partial reading is recorded in the four audit reports
tests,tests/uia_text_adapter_test.py,16054,Inventory only; full/partial reading is recorded in the four audit reports
tests,tests/uia_window_admission_test.py,7244,Inventory only; full/partial reading is recorded in the four audit reports
tests,tests/update_manager_test.js,7735,Inventory only; full/partial reading is recorded in the four audit reports
tests,tests/verification_freshness_test.py,10034,Inventory only; full/partial reading is recorded in the four audit reports
tests,tests/vida_promptrescue_geometry_test.js,9725,Inventory only; full/partial reading is recorded in the four audit reports
tests,tests/vision_context_test.py,4579,Inventory only; full/partial reading is recorded in the four audit reports
tests,tests/vision_upload_gate_test.py,2482,Inventory only; full/partial reading is recorded in the four audit reports
tests,tests/visual_annotation_test.py,4295,Inventory only; full/partial reading is recorded in the four audit reports
tests,tests/voice_focus_guard_test.js,3453,Inventory only; full/partial reading is recorded in the four audit reports
tests,tests/voice_focus_invariance_static_test.js,6325,Inventory only; full/partial reading is recorded in the four audit reports
tests,tests/voice_residency_settings_test.js,1379,Inventory only; full/partial reading is recorded in the four audit reports
tests,tests/voice_resident_main_static_test.js,3888,Inventory only; full/partial reading is recorded in the four audit reports
tests,tests/voice_resident_runtime_test.js,12419,Inventory only; full/partial reading is recorded in the four audit reports
tests,tests/voice_text_settings_static_test.js,2269,Inventory only; full/partial reading is recorded in the four audit reports
tests,tests/voice_trigger_integration_static_test.js,2873,Inventory only; full/partial reading is recorded in the four audit reports
tests,tests/voice_trigger_policy_test.ts,4016,Inventory only; full/partial reading is recorded in the four audit reports
tests,tests/voice_worker_client_test.js,8251,Inventory only; full/partial reading is recorded in the four audit reports
tests,tests/wait_timing_audit_test.py,1704,Inventory only; full/partial reading is recorded in the four audit reports
tests,tests/wait_tool_test.py,3110,Inventory only; full/partial reading is recorded in the four audit reports
tests,tests/wiggle_activation_integration_test.js,2466,Inventory only; full/partial reading is recorded in the four audit reports
tests,tests/wiggle_detector_test.js,4914,Inventory only; full/partial reading is recorded in the four audit reports
tests,tests/wiggle_reliability_integration_test.js,834,Inventory only; full/partial reading is recorded in the four audit reports
tests,tests/wiggle_reliability_test.js,4043,Inventory only; full/partial reading is recorded in the four audit reports
tests,tests/windows_computer_operator_test.py,8953,Inventory only; full/partial reading is recorded in the four audit reports
tests,tests/windows_installer_contract_test.js,1936,Inventory only; full/partial reading is recorded in the four audit reports
tests,tests/windows_package_contract_test.js,9738,Inventory only; full/partial reading is recorded in the four audit reports
tools,tools/measure_e2e_budget.py,12761,Inventory only; full/partial reading is recorded in the four audit reports
tools,tools/measure_electron_hotpath.js,8680,Inventory only; full/partial reading is recorded in the four audit reports
tools,tools/measure_main_process_io.js,4518,Inventory only; full/partial reading is recorded in the four audit reports
tools,tools/measure_poller_coldstart.js,699,Inventory only; full/partial reading is recorded in the four audit reports
tools,tools/measure_poller_rate.js,1303,Inventory only; full/partial reading is recorded in the four audit reports
tools,tools/scrape_claude.js,2465,Inventory only; full/partial reading is recorded in the four audit reports
tools,tools/scrape_extract.js,4198,Inventory only; full/partial reading is recorded in the four audit reports
tools,tools/smoke_studio_headless.js,2396,Inventory only; full/partial reading is recorded in the four audit reports
tools,tools/verify_poller_wire_shape.js,1426,Inventory only; full/partial reading is recorded in the four audit reports
(root),tsconfig.browser-globals.json,1039,Inventory only; full/partial reading is recorded in the four audit reports
(root),tsconfig.electron.json,936,Inventory only; full/partial reading is recorded in the four audit reports
(root),tsconfig.json,242,Inventory only; full/partial reading is recorded in the four audit reports
(root),tsconfig.renderer.json,438,Inventory only; full/partial reading is recorded in the four audit reports
(root),tsconfig.scripts-build.json,252,Inventory only; full/partial reading is recorded in the four audit reports
(root),tsconfig.tests.json,202,Inventory only; full/partial reading is recorded in the four audit reports
(root),tsconfig.tools.json,190,Inventory only; full/partial reading is recorded in the four audit reports
(root),v4pro审查.md,37420,Inventory only; full/partial reading is recorded in the four audit reports
